standard name,Solow p-value
acacia kekapur,0.9413483304428447
acanthus ebracteatus,0.3174217877988809
acanthus ilicifolius,0.5805720515847058
acanthus volubilis,0.08465303154708245
acriopsis liliifolia,0.020004978655982206
acrostichum aureum,0.10275813716994223
acrostichum speciosum,0.560205854287655
actephila excelsa var. javanica,0.8452615959652924
actinodaphne glomerata,0.4299208232435401
actinodaphne macrophylla,0.823396120444784
actinodaphne malaccensis,0.659805946669102
actinodaphne pruinosa,0.650477535492049
actinoscirpus grossus,0.31457459442550695
adenanthera malayana,0.3868608784411693
adenia macrophylla var. singaporeana,0.7598848162125307
adenosma javanicum,0.05210263439267273
adiantum flabellulatum,0.38391616522057037
adiantum hispidulum,0.8071988225904694
adinandra acuminata,0.0013958721437051327
adinandra dumosa,1
adinandra integerrima,0.6448640405191984
aegiceras corniculatum,0.48487845539807556
aeschynanthus albidus,0.9896421639827051
aeschynanthus parvifolius,0.9827966114524098
aeschynanthus radicans,0.0008594682579317038
aeschynanthus wallichii,0.982598081700797
aganope heptaphylla,0.9734932407058738
aganope thyrsiflora,0.3389764897090652
agelaea borneensis,0.9629447232969472
agelaea macrophylla,0.8423010734354074
aglaia crassinervia,0.7548233556588256
aglaia cucullata,0.13296312637997965
aglaia elliptica,0.753200920291453
aglaia erythrosperma,0.12169678392614948
aglaia leptantha,0.5269589223834749
aglaia macrocarpa,0.8158633150448071
aglaia meliosmoides,0.45744397285300264
aglaia multinervis,0.5259677677939305
aglaia odoratissima,0.6060484631665011
aglaia palembanica,0.02566183053773838
aglaia rubiginosa,0.44046031044445283
aglaia rufinervis,0.2666336601482796
aglaia tomentosa subsp. cordata,0.5443837019181971
aglaomorpha speciosa,0.011112134087416872
aglaonema nebulosum,1
aglaonema nitidum,0.2980620923925673
aglaonema simplex,0.6636321237225693
agrostistachys borneensis,0.19463020991171998
agrostistachys gaudichaudii,0.0004326160425074806
agrostistachys sessilifolia,0.00011489877567994979
agrostophyllum majus,0.014463240223811596
agrostophyllum stipulatum,0.5156215393820384
aidia auriculata,0.9950661721061623
aidia densiflora,0.7788658930988642
alangium javanicum,0.7761002576949291
alangium longiflorum,0.799734166869908
alangium nobile,0.5671782496226431
alangium ridleyi,0.4107342461436337
alangium salviifolium,0.1379588452127596
alangium uniloculare,0.9478342702178986
albertisia crassa,0.9827574201849705
albizia retusa,0.9595371349566535
albizia splendens,0.019501911662452114
alchornea rugosa,0.004401071696927398
alchornea villosa,0.9827966114524098
allantodia aspera,0.05365803528260511
allmania nodiflora,0.388376930625154
allophylus cobbe,0.2541299498400215
alocasia longiloba,0.8290810995847767
alphonsea johorensis,0.7691718426905927
alphonsea maingayi,0.8236016422237258
alpinia aquatica,0.6044729255904134
alpinia conchigera,0.024088347666288798
alpinia rafflesiana,0.0028221895500135765
alseodaphne bancana,0.6145556067777038
alseodaphne nigrescens,0.3358997662066338
alseodaphne oblanceolata,0.029385637948764823
alstonia angustifolia,0.01890459401175297
alstonia angustiloba,0.25443813159916967
alstonia pneumatophora,0.9786218547495192
alstonia spatulata,0.8423996954569172
alyxia reinwardtii,0.4578870481736812
amischotolype gracilis,0.769454210757003
amischotolype mollissima,0.4377313802850314
amomum hastilabium,0.022392948287495686
amomum xanthophlebium,0.00024969916917918963
ampelocissus ascendiflora,0.9378605343155543
ampelocissus elegans,0.6728038380269148
ampelocissus gracilis,0.9692472350109755
ampelocissus polystachya,0.599988930968349
ampelocissus thyrsiflora,0.9393196752493869
amphineuron opulentum,0.6620671169229062
amydrium medium,0.7050856409198129
anacolosa frutescens,0.9978409654354468
anadendrum microstachyum,1
anaxagorea javanica,0.09778545133805559
ancistrocladus tectorius,0.6450863795565833
angiopteris evecta,0.7688272582624331
anisophyllea disticha,0.7441898862255408
anisophyllea griffithii,0.6358287223644528
anisoptera costata,0.9955508135407161
anisoptera laevis,0.8278300470894907
anisoptera megistocarpa,0.03673868178738436
anodendron candolleanum,0.5227370498365767
anoectochilus geniculatus,0.016127091045475175
antiaris toxicaria,0.921407244676526
antidesma coriaceum,0.9713538874941258
antidesma cuspidatum,0.9426111221959793
antidesma neurocarpum,0.41451739214482797
antidesma velutinosum,0.9078217231286877
antrophyum callifolium,0.29232110442594184
aphanamixis polystachya,0.053148376152711924
aphyllorchis pallida,0.0020480193549233926
aporosa benthamiana,0.1571379069582799
aporosa confusa,0.0019011685893596335
aporosa falcifera,0.7884616347682171
aporosa frutescens,0.6493580605189361
aporosa globifera,0.3002307367371967
aporosa lucida,0.8337029762596548
aporosa lunata,0.829017222735714
aporosa maingayi,0.827708868839919
aporosa nervosa,0.8581763327161716
aporosa nigricans,0.9924637507719406
aporosa prainiana,0.3915775324320402
aporosa subcaudata,0.4692904496787519
aporosa symplocoides,0.993536870532904
apostasia nuda,0.2036645254638032
appendicula cornuta,0.000295854444662915
appendicula lucida,0.013426893702896087
appendicula uncata,0.07179611009170886
aquilaria hirta,0.7676848939091299
aquilaria malaccensis,0.8552352982085482
aquilaria microcarpa,0.489779634368197
arachnis hookeriana,0.0073926084982658714
aralidium pinnatifidum,0.9933064032193224
archidendron clypearia,0.1718246683905491
archidendron contortum,0.2830624158856352
archidendron ellipticum,0.10722114565183091
archidendron globosum,0.645390624810175
archidendron jiringa,0.03172217213583635
archidendron microcarpum,0.5286603655029609
ardisia crenata,0.834163283535003
ardisia elliptica,0.31607021260214646
ardisia purpurea,0.9182391200678539
ardisia sanguinolenta,0.5018833059167122
ardisia singaporensis,0.004575245504478797
ardisia teysmanniana,0.33422942406972034
ardisia tuberculata,0.34244009824995014
argyreia ridleyi,0.8355782570838156
artabotrys costatus,0.8170163966708209
artabotrys crassifolius,0.7605301568606345
artabotrys maingayi,0.597102701442737
artabotrys suaveolens,0.9492816197995846
artabotrys wrayi,0.31941640852962805
arthrophyllum diversifolium,1
artocarpus anisophyllus,0.47233944204422507
artocarpus elasticus,0.5127410043642315
artocarpus fulvicortex,0.49266114473202216
artocarpus gomezianus,0.132879573675573
artocarpus hispidus,0.6792759512740336
artocarpus kemando,0.3793187533426579
artocarpus lacucha,0.8040259892090321
artocarpus lanceifolius,0.4817722463915651
artocarpus lowii,0.0003998153919226298
artocarpus nitidus subsp. griffithii,0.6041777005800905
artocarpus rigidus,0.5656237886160413
arundina graminifolia,1
arytera littoralis,0.8221974230110074
aspidopterys concava,0.9352237106648535
asplenium batuense,0.8695406994331996
asplenium longissimum,0.5648711527777799
asplenium macrophyllum,0.001220352831116538
asplenium nidus,1
asplenium nitidum,0.9662588192263769
asplenium phyllitidis,0.007996234883402748
asplenium tenerum,0.9967645338440373
athyrium accedens,0.7746594019950916
austrobuxus nitidus,0.0018057790458420701
avicennia alba,0.6812414435113292
avicennia marina,0.40393768078950176
avicennia officinalis,0.10722114565183091
avicennia rumphiana,0.3211309461658827
baccaurea bracteata,0.9623589810039939
baccaurea brevipes,0.06437002858654955
baccaurea macrocarpa,0.6257615619643317
baccaurea macrophylla,0.11586614145841857
baccaurea maingayi,0.30585546081359144
baccaurea minor,0.5935271140644899
baccaurea motleyana,0.5040177928105187
baccaurea parviflora,0.7303009318091073
baccaurea polyneura,0.41628222768993134
baccaurea racemosa,0.8221974230110074
baccaurea reticulata,0.18483191425840323
baccaurea sumatrana,0.5854878215874204
baratranthus axanthus,0.06412370999757779
barringtonia asiatica,1
barringtonia conoidea,0.004440024829197275
barringtonia macrostachya,0.4481038116664634
barringtonia racemosa,0.49714576103130326
barringtonia reticulata,0.7589988187904684
bauhinia semibifida,0.9639593606471342
beilschmiedia kunstleri,0.7720100225246203
beilschmiedia madang,0.3180238160368424
benstonea affinis,0.6237810940524197
benstonea atrocarpa,0.9259038993187323
benstonea ornata,0.8909408451584075
benstonea parva,0.9048676761008544
bhesa paniculata,0.9605045148845872
bhesa robusta,0.6223783111225406
blechnum finlaysonianum,0.6526933068205004
blechnum orientale,0.36302309324273285
blechnum serrulatum,0.037685207879982696
blumea riparia,0.0036819099635438343
blumeodendron tokbrai,0.5120773768379854
bolbitis appendiculata,0.00021322586533343004
bolbitis heteroclita,6.0549504960246915e-05
bolbitis sinuata,0.899472880308232
bolbitis x singaporensis,0.0033742605985455014
bouea macrophylla,0.15761729523879553
bouea oppositifolia,0.8078943661274662
brackenridgea elegantissima,0.5181157666039415
brackenridgea palustris,0.009376127007359104
breynia coronata,0.7545607517466607
breynia discigera,0.7589988187904684
breynia racemosa,0.47508636541777693
breynia vitis-idaea,1
bridelia cinnamomea,0.0744145610627413
bridelia pustulata,0.9779353639703922
bridelia stipularis,0.6156783099873607
bridelia tomentosa,1
bromheadia alticola,0.9042226274491602
bromheadia finlaysoniana,0.9759984109763726
bromheadia truncata,0.025160888299851334
brownlowia tersa,0.5423830794786985
brucea javanica,0.732849997626624
bruguiera cylindrica,1
bruguiera gymnorhiza,0.023027715764032272
bruguiera hainesii,0.9413512645645656
bruguiera parviflora,0.24587997712382698
bruguiera sexangula,0.8983898037994963
bryobium pudicum,0.17304120187754726
buchanania arborescens,0.7596419762176245
buchanania sessilifolia,0.9595135535211646
bulbophyllum acuminatum,0.003807033000040905
bulbophyllum apodum,0.3081137285970009
bulbophyllum botryophorum,0.22837736736128827
bulbophyllum clandestinum,0.351412375387739
bulbophyllum concinnum,0.014436164840815398
bulbophyllum dischidiifolium,0.032647424308277
bulbophyllum flabellum-veneris,0.6003156231143645
bulbophyllum gracillimum,0.001995555203336776
bulbophyllum macranthum,0.04810132813354717
bulbophyllum macrochilum,0.01402929187945738
bulbophyllum maxillare,0.009376127007359104
bulbophyllum medusae,0.004575245504478797
bulbophyllum membranaceum,0.028549185841866654
bulbophyllum ovalifolium,0.0017393957290467853
bulbophyllum patens,0.0017393957290467853
bulbophyllum pileatum,0.022988822063454043
bulbophyllum pulchellum,0.002185755019817168
bulbophyllum purpurascens,0.0009941296194610617
bulbophyllum restrepia,0.12662755852564095
bulbophyllum singaporeanum,0.7203472793254159
bulbophyllum vaginatum,0.9873639483252323
bulbophyllum vermiculare,0.001995555203336776
bulbostylis barbata,0.08511849270560655
bulbostylis puberula,0.28073179650979285
burmannia championii,0.005886785330206348
burmannia coelestis,0.3339415051094904
byttneria maingayi,0.5472988988129042
caesalpinia bonduc,0.9635550393080449
caesalpinia crista,0.46844976459177096
caesalpinia sumatrana,0.9321009542851716
calamus densiflorus,1
calamus diepenhorstii,0.785617162653071
calamus erinaceus,0.2556476250723214
calamus insignis,0.29703219906174466
calamus javensis,0.25437815530459934
calamus laevigatus,0.40234874209898625
calamus lobbianus,0.045083075903527205
calamus ornatus,0.13627623491824953
calamus oxleyanus,0.048084912079126706
calamus ridleyanus,0.0980762369664265
calanthe pulchra,0.0013637530893989694
callerya dasyphylla,0.04681607284052137
callerya eriantha,0.678319665073618
callicarpa longifolia,0.8868513112413129
callostylis pulchella,0.003614586396020563
calophyllum dispar,0.11128448250428709
calophyllum ferrugineum,0.7598848162125307
calophyllum inophyllum,1
calophyllum lanigerum var. austrocoriaceum,0.9476119262085723
calophyllum macrocarpum,0.2420635900768512
calophyllum pulcherrimum,1
calophyllum rigidum,0.18947072467822734
calophyllum rubiginosum,0.56975829824805
calophyllum rufigemmatum,0.431295125998442
calophyllum soulattri,0.9833092626313356
calophyllum sundaicum,0.08674169391977656
calophyllum tetrapterum,0.3898535452425792
calophyllum teysmannii,0.8607511503284748
calophyllum wallichianum var. incrassatum,0.859461747888526
campnosperma auriculatum,1
campnosperma squamatum,0.7192034873607449
campylospermum serratum,0.027876181726941143
canarium littorale,0.3598067473221195
canarium patentinervium,0.49714576103130326
canarium pilosum,0.41014965666928854
canavalia cathartica,0.8153543287253966
canavalia rosea,0.3083501635081884
cansjera rheedii,0.47735486414477396
canthium confertum,0.678839591993025
canthium glabrum,0.863006605122452
canthium horridum,0.5447938745410652
canthium molle,0.9499715709954801
capparis micracantha subsp. korthalsiana,0.5033949401291125
carallia brachiata,0.9680359503149669
carex cryptostachys,0.8530181185373935
caryota mitis,0.882533791477054
casearia capitellata,0.6976806504226467
casearia clarkei,0.678319665073618
casearia lobbiana,0.9634386085870144
cassine viburnifolia,0.5831696943493098
cassytha filiformis,0.4942282829748186
castanopsis lucida,0.12020136525303751
castanopsis malaccensis,0.5304934678455216
castanopsis megacarpa,0.23053931585027299
castanopsis nephelioides,0.8786410089021683
castanopsis schefferiana,0.5440973224271562
castanopsis wallichii,0.05789811717800602
casuarina equisetifolia,1
cayratia japonica,0.9595371349566535
cayratia mollissima,0.9554498108497357
cayratia novemfolia,0.2645920182919323
cayratia trifolia,0.9637353583993522
celastrus monospermoides,0.8786410089021683
centotheca lappacea,0.7109746122821614
cephalomanes javanicum,0.49537361741473696
cephalomanes obscurum,0.43655628202835023
cephalomanes singaporeanum,0.27748699529711446
cerbera manghas,0.2523138615248942
cerbera odollam,1
ceriops tagal,0.04789538671456729
ceriops zippeliana,0.6613934627687854
champereia manillana,0.31601039645692375
chassalia chartacea,0.7134096936131828
chassalia curviflora,0.9810926349118545
chassalia singapurensis,0.0666335113077292
cheilanthes tenuifolia,0.6353747426783569
cheilocostus speciosus,1
chionanthus ramiflorus,0.12267372433183686
chisocheton patens,1.7817867616881296e-05
chisocheton pentandrus subsp. paucijugus,0.01603046221032953
chisocheton sarawakanus,0.7096201137408364
chloranthus erectus,0.3170290549962885
chonemorpha fragrans,0.458251621056683
christella arida,0.753200920291453
christella subpubescens,0.9885111060913078
chrysophyllum roxburghii,0.3022007227677188
chrysopogon aciculatus,0.6207253539882241
cinnamomum iners,1
cinnamomum javanicum,0.6284740956499396
cissus hastata,0.41053320414878186
cissus nodosa,0.9759984109763726
cissus repens,0.8857068225361897
cissus rostrata,0.3476429295979613
claderia viridiflora,0.40048838038762336
claoxylon indicum,0.9779353639703922
claoxylon longifolium,0.0014952820571931071
clausena excavata,0.8562701008810799
cleisostoma halophilum,0.010346252938691453
cleisostoma scortechinii,0.051906189980735346
cleistanthus macrophyllus,0.0306256591182067
cleistanthus malaccensis,0.05745835275315593
cleistanthus oblongifolius,0.9366741191337442
cleistanthus sumatranus,0.8789162995627826
clerodendrum deflexum,0.8519933347032504
clerodendrum disparifolium,0.6700242064270386
clerodendrum inerme,0.43977321310767403
clerodendrum myrmecophilum,0.004697966520765965
clerodendrum nutans,0.5688017554262189
clerodendrum speciosissimum,0.022392948287495686
clerodendrum villosum,1
cnestis palala,0.45332735462467943
cocculus orbiculatus,0.8078943661274662
coelogyne mayeriana,0.014436164840815398
coelogyne rochussenii,0.09683040332126633
coelogyne testacea,0.001995555203336776
coelospermum truncatum,0.929679445787287
coelostegia griffithii,0.9478342702178986
colubrina asiatica,0.7686287231176471
combretum sundaicum,0.5858216415018455
combretum tetralophum,0.05112807329480267
commelina attenuata,7.309390535495706e-05
commersonia bartramia,0.014503144705390414
connarus ferrugineus,0.7481750620978913
connarus grandis,0.7921873690663455
connarus monocarpus subsp. malayensis,0.057926253425296455
connarus planchonianus,0.01368238731615682
connarus semidecandrus,0.65156993919144
coptosapelta flavescens,0.8777854572269581
coptosapelta griffithii,0.9579480379784501
cordia dichotoma,0.9038769921489022
cordiglottis filiformis,0.06427705295266037
corymborkis veratrifolia,0.0013994117027124077
coscinium fenestratum,0.733282359794529
cotylelobium lanceolatum,0.5840290648044835
cratoxylum arborescens,0.6557943323820244
cratoxylum cochinchinense,0.8290810995847767
cratoxylum formosum,1
cratoxylum maingayi,0.33422942406972034
crepidium micranthum,0.0666335113077292
crepidomanes christii,0.041943127792195445
crepidomanes humile,0.0029807507884565838
crepidomanes minutum,0.5329668505407751
crinum asiaticum,1
croton argyratus,0.00397264425126472
croton caudatus,0.7947880989293267
croton heterocarpus,0.11484352782203736
croton oblongus,0.9459837612139549
crypteronia griffithii,0.27109284874990136
cryptocarya ferrea,0.8401954459328347
cryptocarya griffithiana,0.4760927795895227
cryptocarya impressa,0.17663305634340873
cryptocarya nitens,0.4155783887534855
cryptocarya rugulosa,0.7025981801959607
cryptocoryne ciliata,0.4395787950074831
cryptocoryne griffithii,0.9810926349118545
cryptostylis arachnites,0.015211802449720266
ctenolophon parvifolius,0.7895028021784619
ctenopterella blechnoides,0.005069794422648255
cyathea glabra,0.008086436881373454
cyathea latebrosa,0.5044227363757872
cyathea squamulata,0.5370691190213428
cyathocalyx ramuliflorus,0.22310454851064984
cyathocalyx ridleyi,0.37388784941432157
cyathocalyx sumatranus,0.6439593416929181
cyathostemma viridiflorum,0.8217989115941259
cyathula prostrata,0.8511480895264029
cycas edentata,0.5767898442006337
cyclea laxiflora,0.708437227929696
cyclosorus interruptus,0.6145556067777038
cymbidium bicolor subsp. pubescens,0.008674020962761016
cymbidium finlaysonianum,0.9277667542698838
cymodocea rotundata,0.9838490894961384
cymodocea serrulata,0.9848226387052201
cynanchum ovalifolium,0.350537793891777
cynodon dactylon,0.7035820693676116
cynometra ramiflora,0.4987934610640817
cyperus compactus,0.5750589598673045
cyperus digitatus,0.8243403331804251
cyperus dubius,0.020291585080922193
cyperus javanicus,0.9896421639827051
cyperus malaccensis,0.04700865269949147
cyperus procerus,0.04261327926174321
cyperus radians,0.0032997334890571203
cyperus stoloniferus,0.977693539791678
cyperus tenuiculmis,0.0666335113077292
cyrtandra pendula,0.9300374313619031
cyrtococcum patens var. latifolium,0.3854421722188978
cyrtosperma merkusii,0.5072654055815518
cyrtostachys renda,1
cystorchis variegata,0.6636321237225693
dacryodes costata,0.85074662124339
dacryodes laxa,0.12105538537860652
dacryodes longifolia,0.26021083976998755
dacryodes rostrata,0.45332735462467943
dacryodes rugosa,0.7779372098494673
dactyloctenium aegyptium,0.9512480732214948
daemonorops angustifolia,0.045294344343351375
daemonorops didymophylla,0.03211556231092094
daemonorops geniculata,0.6074829128763123
daemonorops grandis,0.8290810995847767
daemonorops hirsuta,0.1929770221043902
daemonorops kunstleri,0.025945081663386823
daemonorops leptopus,0.0002667683473070812
daemonorops longipes,0.025584683081866316
daemonorops periacantha,0.09009503769665456
daemonorops sabut,0.9490100605782336
dalbergia candenatensis,0.46846021481420047
dalbergia havilandii,0.06358407396473377
dalbergia hullettii,0.026153920313186543
dalbergia junghuhnii,0.5181157666039415
dalbergia parviflora,0.8890743170738886
dalbergia rostrata,0.5370691190213428
dalbergia velutina,0.753200920291453
dapania racemosa,0.12466614877212315
daphniphyllum laurinum,0.37917962064853034
davallia angustata,0.004044847077487194
davallia denticulata,0.8012247823726112
davallia heterophylla,3.458101009887189e-05
davallia parvula,1.698945184727585e-05
davallia pectinata,0.037670229717079604
davallia repens,0.003541995610571688
davallia solida,0.6470157162760103
davallia triphylla,0.03690347271207616
decaspermum fruticosum,0.9621185804756571
dehaasia incrassata,0.7138105269565218
dendrobium acerosum,0.005335693988806691
dendrobium aloifolium,0.00011417688961852377
dendrobium bancanum,0.018553370630609762
dendrobium bifarium,0.019225359428692492
dendrobium comatum,0.003807033000040905
dendrobium crumenatum,1
dendrobium indivisum,0.0002754192978258656
dendrobium indragiriense,0.6971407970663179
dendrobium laciniosum,0.26871068814193305
dendrobium lamellatum,0.026114856711554824
dendrobium leonis,0.0666335113077292
dendrobium lobatum,0.025945081663386823
dendrobium lobbii,0.5928004515751815
dendrobium microglaphys,0.014463240223811596
dendrobium pachyphyllum,0.6003156231143645
dendrobium pandaneti,0.01913497514860494
dendrobium pensile,0.0033509420376189253
dendrobium planibulbe,0.01402929187945738
dendrobium plicatile,0.0030283815117124607
dendrobium prostratum,0.005229713518651284
dendrobium salaccense,0.05745835275315593
dendrobium singaporense,0.04177221312513438
dendrobium spurium,0.0666335113077292
dendrobium stuposum,0.014463240223811596
dendrobium subulatum,0.00013685311522800865
dendrobium villosulum,0.001995555203336776
dendrobium xantholeucum,0.019225359428692492
dendrochilum longifolium,0.04177221312513438
dendrolobium umbellatum,0.6777340976634151
dendrophthoe pentandra,0.664802681371242
dendrotrophe buxifolia,0.009376127007359104
dendrotrophe varians,0.1827901161709351
deplanchea bancana,0.9930828002489848
derris maingayana,0.9744737105728365
derris scandens,0.7285698976441785
derris trifoliata,0.3317240464321904
desmos dasymaschalus,0.725892642378765
desmos dumosus,0.43006687059805515
dialium indum,0.7236501778569371
dialium platysepalum,0.43655628202835023
dianella ensifolia,0.9764384514514044
dichapetalum sordidum,0.8577009910052715
dicranopteris curranii,0.7732210436290844
dicranopteris linearis,0.4328689086585892
didymocarpus platypus,0.8754891832618793
didymoplexis pallens,0.029570583593918294
dienia ophrydis,0.790634688891776
digitaria bicornis,0.49648379471772736
digitaria fuscescens,0.29365262396407893
digitaria longiflora,0.6950990940117572
digitaria mollicoma,0.20925498829953862
dillenia excelsa,0.3072842632351352
dillenia grandifolia,0.29149115817778315
dillenia indica,0.256838840792892
dillenia pulchella,0.12706598818205386
dillenia suffruticosa,1
dimeria ornithopoda,0.36037884735518766
dioscorea glabra,0.8052601038532397
dioscorea hispida,0.005338730912766281
dioscorea laurifolia,0.9649958912069188
dioscorea orbiculata var. tenuifolia,0.8533283234132479
dioscorea polyclados,0.6275608277082583
dioscorea prainiana,0.51327861664576
dioscorea pyrifolia,0.04535700138795416
diospyros argentea,0.2013767982489222
diospyros buxifolia,0.5120019672877224
diospyros confusa,0.8048730727922716
diospyros coriacea,0.8786410089021683
diospyros diepenhorstii,0.006526331473318266
diospyros lanceifolia,0.9531983442169935
diospyros maingayi,0.621683376322645
diospyros oblonga,0.27151252783177215
diospyros styraciformis,0.5041074249116118
diospyros sumatrana,0.5692732456069477
diospyros venosa,0.7001271848165351
diplazium cordifolium,0.1680416661375769
diplazium crenato-serratum,0.40022405719244547
diplazium esculentum,0.04941176400459545
diplazium kunstleri,0.5045478326150653
diplazium malaccense,0.5829433974996222
diplazium prescottianum,0.6381664617295184
diplazium sorzogonense,4.733972551085433e-05
diplazium tomentosum,0.0341556998094274
diplectria divaricata,0.9872511588244324
diplectria stipularis,0.28155974312614934
diplectria viminalis,0.37265191746919246
diplospora malaccensis,0.836118328362273
dipodium paludosum,0.029943257547226067
dipteris conjugata,0.6536258690974125
dipterocarpus caudatus subsp. penangianus,0.49086614627438163
dipterocarpus chartaceus,0.7746594019950916
dipterocarpus cornutus,0.6877727747287603
dipterocarpus elongatus,0.5323035553753402
dipterocarpus grandiflorus,0.3973802004691173
dipterocarpus kerrii,0.20638773717685946
dipterocarpus kunstleri,0.40625535219378506
dipterocarpus sublamellatus,0.5920560256828103
dipterocarpus tempehes,0.19297294518873057
dischidia albiflora,0.04601754375956553
dischidia bengalensis,0.0761242936976234
dischidia cochleata,0.0031304412986451697
dischidia hirsuta,0.9913609894747775
dischidia major,0.5089533909412554
dischidia nummularia,0.7496213547237444
dissochaeta annulata,0.8455233738591565
dissochaeta celebica,0.9832627457138279
dissochaeta gracilis,0.5692732456069477
dissochaeta pallida,0.8683687257399215
dissochaeta punctulata,0.6094550599287862
dolichandrone spathacea,0.5127410043642315
donax canniformis,0.5929445341879207
dracaena brachystachys,0.9607750609176225
dracaena cantleyi,0.45976692652700407
dracaena elliptica,0.6237810940524197
dracaena granulata,0.01059801733839452
dracaena maingayi,0.17085791116469773
dracaena porteri,0.4999221548431269
dracaena singapurensis,0.8331255327281117
dracaena umbratica,0.9259038993187323
drynaria quercifolia,0.8717137237720481
drynaria sparsisora,0.7029277034120586
drypetes crassipes,0.8819212670525471
drypetes pendula,0.5187671121944327
durio griffithii,0.6301664913261598
durio singaporensis,0.42348391183173356
dyera costulata,0.09679429656571784
dysoxylum acutangulum,0.8887058765428876
dysoxylum alliaceum,0.6030793008320317
dysoxylum carolinae,0.012558485972028953
dysoxylum cauliflorum,0.4300662063843852
dysoxylum cyrtobotryum,0.3255654576106767
dysoxylum densiflorum,0.6039641805386341
dysoxylum excelsum,0.7116935180420935
dysoxylum flavescens,0.29703219906174466
dysoxylum grande,0.7966494783429656
elaeocarpus acmosepalus,0.975770694005355
elaeocarpus ferrugineus,0.30377904834794334
elaeocarpus floribundus,0.40657587880966817
elaeocarpus griffithii,0.9795476269794974
elaeocarpus macrocerus,0.36465681389933974
elaeocarpus mastersii,0.2902057777128858
elaeocarpus nitidus,0.5565604449239347
elaeocarpus obtusus subsp. apiculatus,0.5022819968254988
elaeocarpus palembanicus,0.8511395745924071
elaeocarpus pedunculatus,0.028519439456700043
elaeocarpus petiolatus,0.9453594777204692
elaeocarpus polystachyus,0.15389513894378717
elaeocarpus salicifolius,0.9772782148110589
elaeocarpus stipularis,0.1443878857421047
elaphoglossum amblyphyllum,0.10472470606467826
eleiodoxa conferta,0.91248120720903
eleocharis dulcis,0.14843121776945764
elettariopsis curtisii,0.07372919641080476
ellipanthus tomentosus,0.859461747888526
ellipeia cuneifolia,0.9133057303466309
elytranthe arnottiana,0.225031507539319
embelia canescens,0.5652324681296007
embelia lampanii,0.007671466956448492
embelia ribes,0.20805024772700964
endiandra maingayi,0.8608052103065804
endocomia canarioides,0.829017222735714
endospermum diadenum,0.5347295601916826
engelhardtia serrata,0.12026321226298421
enhalus acoroides,1
enkleia malaccensis,0.6002379562055407
entada rheedii,0.7046160619214746
entada spiralis,1
epipremnum giganteum,0.8817444330137015
epipremnum pinnatum,0.9936618883328636
eragrostis atrovirens,0.6618655661276319
eragrostis cumingii,0.2174103856099508
eragrostis montana,0.9350831843750737
eragrostis unioloides,0.812202024508693
eria javanica,0.049364247053156875
eria longirepens,0.019225359428692492
eria neglecta,0.019225359428692492
eria nutans,0.011752740050575892
eria robusta,0.014463240223811596
eriachne pallescens,0.16315958555016363
eriocaulon truncatum,0.98584851292754
eriocaulon wildenovianum,0.11151095148090401
erycibe festiva,0.8961990269873253
erycibe leucoxyloides,0.3737883493510981
erycibe maingayi,0.01099923903033488
erycibe malaccensis,0.6791862881709659
erycibe tomentosa,0.6690982875858171
erythropalum scandens,0.9684404431616479
erythroxylum cuneatum,0.07393041734772607
etlingera maingayi,0.5294598394296866
etlingera punicea,0.5551334826472433
eulophia spectabilis,0.714909775742171
euonymus javanicus,0.3520815822636838
euphorbia atoto,0.18245623293021565
eurya acuminata,0.7517339320449646
eurycoma longifolia,1
eustachys tenera,0.3306200215431061
euthemis leucocarpa,0.19408817754673208
evolvulus alsinoides,0.019225359428692492
excoecaria agallocha,0.011141482476163578
fagraea auriculata,0.9779918036521361
fagraea fragrans,1
fagraea ridleyi,0.0006026488013335906
fagraea splendens,0.9230348502105706
fernandoa adenophylla,0.7120990116254702
fibraurea tinctoria,0.07869549686681969
ficus annulata,0.0633757942062405
ficus apiocarpa,0.6262585698167985
ficus aurata,0.1954027234468784
ficus binnendijkii,0.9244985294680645
ficus botryocarpa,0.018862156495088638
ficus bracteata,0.02403829521960589
ficus caulocarpa,0.3042397841350051
ficus chartacea,0.9607613270266734
ficus consociata,0.252015497323528
ficus crassiramea,0.5282152107716033
ficus delosyce,0.9926083941762036
ficus deltoidea,0.2845008839374946
ficus dubia,0.0002788106847325388
ficus fistulosa,1
ficus glandulifera,0.8773584054549758
ficus globosa,0.7408925427917927
ficus grossularioides,0.43251789085212605
ficus heteropleura,0.05548190022671542
ficus kerkhovenii,0.2278739954225015
ficus laevis,0.3146722265159007
ficus lamponga,0.10241526314249506
ficus microcarpa,0.37833196107461914
ficus microsyce,0.8187855112521607
ficus obscura var. borneensis,0.9767677743230114
ficus pallescens,0.002526813798957368
ficus pellucidopunctata,0.9823093059735658
ficus pisocarpa,0.5750063984782073
ficus punctata,0.39209062751193313
ficus recurva var. ribesioides,0.8717137237720481
ficus retusa,0.7171414999849176
ficus sagittata,0.8142377111860086
ficus scortechinii,0.8310340680725642
ficus sinuata,0.8594280566794574
ficus subgelderi,0.05059790350867809
ficus sumatrana,0.003615346949816933
ficus sundaica,0.9317783597859587
ficus superba,1
ficus trichocarpa,0.5868220108068878
ficus variegata,0.37620311505095433
ficus vasculosa,0.585461960906496
ficus villosa,0.9746801094701657
ficus virens,0.3868608784411693
ficus xylophylla,0.01623433775057586
fimbristylis complanata,0.874380561701028
fimbristylis cymosa,0.9788480466854911
fimbristylis dura,0.5766970251539301
fimbristylis ferruginea,0.12023663275642207
fimbristylis leptoclada,0.0024621317321793356
fimbristylis nutans,0.09124809750496696
fimbristylis pauciflora,0.25023615461730553
finlaysonia obovata,0.8350946381806238
fissistigma fulgens,0.4842116250072884
fissistigma lanuginosum,0.5956966411164117
fissistigma latifolium var. ovoideum,0.4037520071674788
fissistigma manubriatum,0.6918408292511438
flacourtia rukam,0.9530361550708454
flagellaria indica,0.8056222689841477
floscopa scandens,0.14537705042951052
freycinetia angustifolia,0.882533791477054
freycinetia confusa,0.162036574422245
freycinetia javanica,0.9259038993187323
freycinetia sumatrana,0.9422573778653068
friesodielsia biglandulosa,0.5534963206360833
friesodielsia borneensis,0.9862855516151187
friesodielsia excisa,0.5343414543726068
friesodielsia glauca,0.98396365991147
friesodielsia latifolia,0.49714576103130326
gaertnera grisea,0.5656237886160413
gaertnera obesa,0.8232460735791062
gaertnera viminea,0.3038544531114742
gahnia tristis,0.8769571069609307
galearia fulva,0.9488214574646031
galearia maingayi,0.05904139270137263
galeola nudifolia,0.4894666150588991
garcinia atroviridis,0.7939631005734932
garcinia bancana,0.0020304144722381886
garcinia forbesii,0.775316334653629
garcinia griffithii,0.7444507985622438
garcinia hombroniana,0.145704408455702
garcinia maingayi,0.5164269073492407
garcinia nervosa,0.905277562519873
garcinia nigrolineata,0.44248412842084556
garcinia parvifolia,0.725892642378765
garcinia rostrata,0.2776857058795531
garcinia scortechinii,0.426561911754425
gardenia griffithii,0.004614629235247168
gardenia subcarinata,0.5673116263278917
gardenia tubifera,0.0037919242371583883
gastrodia javanica,0.8176185599910627
genianthus maingayi,0.0018056733089763706
geophila pilosa,0.18947072467822734
geophila repens,0.675162081977509
gironniera nervosa,0.7894906860496252
gironniera parvifolia,0.7348713922444384
gironniera subaequalis,0.3473217491496463
gleichenia truncata,1
globba leucantha,0.7691938807882746
globba pendula,0.021173198406844975
glochidion borneense,0.8885328840564232
glochidion littorale,0.5673116263278917
glochidion lutescens,0.9637353583993522
glochidion obscurum,1
glochidion rubrum,0.5937023241883235
glochidion sericeum,0.07935982307640918
glochidion singaporense,0.5269589223834749
glochidion superbum,0.9582137628113074
glochidion zeylanicum var. arborescens,0.12308986868423348
gluta wallichii,0.2816324330584459
glycosmis chlorosperma,0.7985763009743179
gmelina asiatica,0.2939198154276569
gmelina elliptica,0.899472880308232
gmelina philippensis,0.03084780960595247
gnetum gnemon,0.7727725974258747
gnetum gnemonoides,0.9849237869862788
gnetum latifolium var. funiculare,0.7050856409198129
gnetum macrostachyum,0.9767677743230114
gnetum microcarpum,0.8029884152474125
gomphandra quadrifida var. ovalifolia,0.6960186793798836
goniophlebium percussum,0.9105036948326996
goniothalamus macrophyllus,0.5858216415018455
goniothalamus malayanus,0.914099697562479
goniothalamus ridleyi,7.218162046803546e-05
goniothalamus tapis,0.8924989660006678
gonocaryum gracile,0.9779353639703922
gonystylus confusus,0.9689286989427501
gonystylus maingayi,0.03168798146264051
gordonia multinervis,0.723769813557044
gordonia penangensis,0.49266114473202216
gordonia singaporeana,0.27253781460633003
grammatophyllum speciosum,0.1935947510592509
grenacheria amentacea,0.22042464552108731
grewia laevigata,0.9641816623833238
guettarda speciosa,0.832719071162157
guioa pleuropteris,0.4727051144067191
guioa pubescens,0.3656464326904954
gymnacranthera bancana,0.034750160213967575
gymnacranthera farquhariana,0.3935911026001241
gymnacranthera forbesii,0.27422982892560505
gymnanthera oblonga,0.7783249487124515
gynochthodes coriacea,0.7846568399966231
gynochthodes sublanceolata,0.9398892244063218
gynotroches axillaris,0.9332954531681106
gynura procumbens,0.07602853163506457
halodule pinifolia,0.10882715339867026
halodule uninervis,0.43375417791939785
halophila beccarii,0.3580989476312393
halophila decipiens,0.9719025197217503
halophila minor,0.6436330324387468
halophila ovalis,1
halophila spinulosa,1
hancea penangensis,0.6868794378504434
hedyotis auricularia,0.013874621992053736
hedyotis capitellata,0.0493749289362051
hedyotis pinifolia,0.05182504289880907
helicia excelsa,0.7047436477287407
heritiera borneensis,0.48366335156348605
heritiera elata,0.678319665073618
heritiera littoralis,0.7118884914380832
heritiera simplicifolia,0.2960474434596029
hetaeria nitida,0.00028289842423339414
hetaeria obliqua,0.9378605343155543
heterogonium sagenioides,0.004454184186187112
heteropogon contortus,0.004771941808997928
hiptage sericea,0.006260967390486966
histiopteris incisa,0.3988549765123669
homalium grandiflorum,0.1411760779578861
homalomena deltoidea,0.8270103842041447
homalomena griffithii,0.0180160934247771
homalomena humilis var. pumila,0.006871540279770498
homalomena rostrata,0.01626098434540608
hopea ferruginea,0.19297294518873057
hopea griffithii,0.492108682273271
hopea mengarawan,0.47180336214174107
hopea sangal,0.6257615619643317
hornstedtia conica,0.5502870125304962
hornstedtia leonurus,0.6354148307739431
hornstedtia scyphifera,0.708437227929696
horsfieldia brachiata,0.6177257331473074
horsfieldia crassifolia,0.2738816138285524
horsfieldia grandis,0.565432064993837
horsfieldia irya,0.007828159398708021
horsfieldia polyspherula,0.960349982310698
horsfieldia punctatifolia,0.645712156176522
horsfieldia sucosa,0.2666336601482796
horsfieldia superba,0.23698018016152897
horsfieldia wallichii,0.5893400963362719
hoya caudata,1
hoya coriacea,0.05449052002573914
hoya coronaria,0.0004862588977967257
hoya diversifolia,0.4272996390422089
hoya lacunosa,0.0502674228398211
hoya latifolia,0.8443081835131415
hoya obtusifolia,0.008470175136337688
hoya revoluta,0.2521886441499701
hoya scortechinii,0.9871302823057725
hoya verticillata,0.6960186793798836
hoya wallichii,0.007311347112159829
huperzia carinata,0.7692040467214278
huperzia phlegmaria,0.9162456804262828
huperzia squarrosa,0.004005504796057193
hydnophytum formicarum,0.2352710122496221
hydrocotyle sibthorpioides,0.874380561701028
hydrostemma kunstleri,0.7029277034120586
hylophila mollis,0.06684305111546601
hymenachne amplexicaulis,0.2307448806832547
hymenophyllum acanthoides,9.621168172147835e-08
hymenophyllum denticulatum,0.0013119995251770471
hymenophyllum polyanthos,3.837847039092296e-05
hymenophyllum serrulatum,0.029943257547226067
hypobathrum coniferum,0.020152404157795276
hypolytrum nemorum var. proliferum,0.7834465139581758
hypserpa nitida,0.8924989660006678
iguanura geonomiformis,0.9048676761008544
ilex cymosa,0.7293802074636052
ilex latifolia,0.4690193053255422
imperata conferta,0.4576541876834248
indigofera zollingeriana,0.8615578172455792
indorouchera griffithiana,0.7166798478693835
intsia bijuga,0.450139103572101
intsia palembanica,0.6082604059401386
iodes ovalis,0.8134089280189765
iodes velutina,0.7276399105530748
ipomoea littoralis,0.0502482525806371
ipomoea marginata,0.3505467462695162
ipomoea mauritiana,0.8502096357780026
ipomoea obscura,0.2857604916164406
ipomoea pes-caprae,0.7937755895715776
ipomoea pes-tigridis,0.9681765240022024
ipomoea violacea,0.9458337147329118
irvingia malayana,0.5441285098300085
isachne kunthiana,0.41584963075474635
isachne minutula,0.2860303340375173
ischaemum magnum,0.8292451977705763
ischaemum muticum,0.611892201204794
ixonanthes icosandra,0.8153543287253966
ixonanthes reticulata,0.3548544882373751
ixora congesta,0.832719071162157
ixora grandifolia,0.6996189070193137
ixora lobbii,0.5105092128741288
ixora pendula,0.8512098585092948
ixora umbellata,0.8434274786127051
jackiopsis ornata,0.6616127117015146
jasminum elongatum,0.9604025925109062
jasminum griffithii,0.05449052002573914
justicia vasculosa,0.0388697177302777
kadsura scandens,0.9882331824430074
kandelia candel,0.9065602982245002
kibara coriacea,0.3574929079147775
kibatalia maingayi,0.9862163690271308
kleinhovia hospita,0.22223770404783538
knema communis,0.9727591893247388
knema conferta,0.8301652697615955
knema curtisii,0.7429862628430072
knema furfuracea,0.29512743750402903
knema glaucescens,0.6432558962195678
knema globularia,0.650639691299134
knema hookeriana,0.4725326471097757
knema intermedia,0.3505303375473246
knema latericia,0.9550727091442902
knema laurina,0.8235007215763014
knema malayana,0.9688860753675206
knema rubens,0.08735420067850842
koilodepas longifolium,0.35537961997192713
kokoona reflexa,0.7210562879531356
koompassia malaccensis,0.6041146250266783
kopsia singapurensis,0.731692086258518
korthalsia echinometra,0.8936309646460993
korthalsia laciniosa,0.01724154296685137
korthalsia rigida,0.045954662464533225
korthalsia rostrata,0.10716438454408903
korthalsia scortechinii,0.04583720397518759
kunstleria ridleyi,0.8674803620361975
labisia pumila,0.9671700125470885
lasia spinosa,0.7988532166358964
lasianthus appressus,0.9951533455813056
lasianthus attenuatus,0.8149464205413025
lasianthus constrictus,0.919499615511673
lasianthus cyanocarpus,0.06274054152875555
lasianthus ellipticus,0.8108394518669348
lasianthus maingayi,0.276415895472048
lasianthus ridleyi,0.5882315216499066
lasianthus stipularis,0.0017998790578507822
lasianthus tomentosus,0.7116935180420935
lecanopteris crustacea,0.07963330202320626
lecanopteris sinuosa,0.38721922745429976
lecanorchis malaccensis,0.7641456275803417
leea aequata,0.5344786576506378
leea angulata,0.6223918315456303
leea indica,0.3389764897090652
leea rubra,1
lemna tenera,0.03630198547099879
lepionurus sylvestris,0.9833499221965055
lepironia articulata,0.027845508149690782
lepisanthes fruticosa,0.8520158663930977
lepisanthes rubiginosa,0.492510685127109
lepisanthes senegalensis,0.05112807329480267
lepisorus longifolius,0.0056525975306217675
lepturus repens,0.2747190533781696
leuconotis griffithii,0.9681946064551016
licania splendens,0.038359927510307104
licuala ferruginea,0.24971335192456873
licuala spinosa,1
lijndenia laurina,0.7104656378923885
limacia scandens,0.7774732451506541
lindera lucida,0.24241205315435665
lindernia anagallis,0.013874621992053736
lindsaea borneensis,0.03756975186673028
lindsaea cultrata,0.9495164981222489
lindsaea divergens,0.8854015874707167
lindsaea doryphora,0.04467163757169392
lindsaea ensifolia,0.9774974078008334
lindsaea orbiculata,0.0022713958418597007
lindsaea parallelogramma,0.002385541669035677
lindsaea parasitica,0.9228656035260656
lindsaea walkerae,0.06854726234191003
linostoma pauciflorum,0.6278328028877774
liparis elegans,0.001995555203336776
liparis ferruginea,0.0006330703000375958
lipocarpha chinensis,0.006551475062563015
lithocarpus bennettii,0.8746433889897377
lithocarpus cantleyanus,0.20227273511757954
lithocarpus conocarpus,0.32482371472809646
lithocarpus elegans,0.7088383395245157
lithocarpus encleisocarpus,0.8715744237973166
lithocarpus ewyckii,0.6171943262550619
lithocarpus hystrix,0.092652429054276
lithocarpus lucidus,0.8607511503284748
lithocarpus sundaicus,0.0002683519421681983
lithocarpus wallichianus,0.874380561701028
litsea accedens,0.19052521894566993
litsea castanea,0.6194259197420581
litsea cordata,0.6738796980689166
litsea costalis,0.891625334284832
litsea elliptica,0.7348713922444384
litsea erectinervia,0.8823214523106137
litsea ferruginea,0.008252839768240507
litsea firma,0.9765053450114453
litsea gracilipes,0.046535809507109886
litsea grandis,0.7408925427917927
litsea lancifolia,0.7651717595333877
litsea machilifolia,0.45506154032663243
litsea myristicifolia,0.33035028254854776
litsea resinosa,0.861582958732672
litsea umbellata,0.9746374767899704
lobelia zeylanica,0.9928990446805456
loeseneriella macrantha,0.9378605343155543
lomariopsis lineata,0.8143991836685383
lophatherum gracile,0.6275608277082583
lophopetalum multinervium,0.8948933828648931
lophopetalum wightianum,0.6531170735438058
lumnitzera littorea,0.310876120361312
lumnitzera racemosa,0.7645406722908996
luvunga crassifolia,0.5347295601916826
lycopodiella cernua,0.539837359403827
lygodium flexuosum,0.580287930212429
lygodium longifolium,0.41451739214482797
lygodium microphyllum,0.9652970089225477
lygodium salicifolium,0.7557622028369478
macaranga bancana,0.9686020117834889
macaranga conifera,0.800573056964546
macaranga gigantea,0.21882034670496103
macaranga griffithiana,0.9834594638076841
macaranga heynei,0.023440727129724868
macaranga hullettii,0.5151009520581649
macaranga hypoleuca,0.07699903255902081
macaranga lowii,0.4817722463915651
macaranga recurvata,0.5269589223834749
macaranga trichocarpa,0.03562675476568642
machaerina rubiginosa,0.006827171396174212
maclurodendron porteri,0.14152878377404157
macrolenes echinulata,0.35292125285855946
macrosolen cochinchinensis,0.36236265195572176
macrosolen retusus,0.7802151181947347
madhuca decipiens,0.891625334284832
madhuca kingiana,0.431295125998442
madhuca malaccensis,0.5968686425606866
madhuca sericea,0.252158826862622
maesa ramentacea,0.675847146720963
magnolia elegans,0.5893400963362719
magnolia maingayi,0.03183530369694884
magnolia singapurensis,0.34061298439424464
magnolia villosa,0.08093429924005113
mallotus macrostachyus,0.022988822063454043
mallotus paniculatus,0.9684014222979218
mangifera caesia,0.9188624399294715
mangifera foetida,0.9024459856996206
mangifera griffithii,0.5304934678455216
mangifera magnifica,0.753560254901179
mangifera odorata,0.8159808982352682
mangifera quadrifida,0.47862547983007336
mangifera subsessilifolia,0.9962291662279237
mapania bancana,0.00603010677907576
mapania cuspidata,0.9879263185968742
mapania enodis,0.12026321226298421
mapania kurzii,0.39297719788184216
mapania palustris,0.06285840936794987
mapania squamata,0.0038288669410138543
mapania wallichii,0.04490703170922643
maranthes corymbosa,0.19249352673124664
mastixia trichotoma var. maingayi,0.7369297824354161
matthaea sancta,0.8232460735791062
medinilla crassifolia,0.0014114862553276837
megistostigma glabratum,0.24614426262002426
meiogyne virgata,0.044082762295532665
melaleuca cajuputi,0.9066417103676673
melanochyla auriculata,0.027258611715202535
melanochyla bracteata,0.0627556265229082
melanochyla caesia,0.7259310365855809
melastoma malabathricum,1
melicope glabra,0.5923434748987056
melicope hookeri,0.245252623356263
melicope latifolia,0.8976740716396544
melicope lunu-ankenda,0.3389764897090652
meliosma lanceolata,0.5178479247201078
meliosma pinnata,0.5673116263278917
meliosma simplicifolia,0.9115171763712296
melodinus orientalis,0.0882895413886449
memecylon acuminatum,0.7376506692398568
memecylon amplexicaule,0.600398385273668
memecylon caeruleum,0.4493350735647166
memecylon campanulatum,0.7870361616482804
memecylon cantleyi,0.4524274893323073
memecylon edule,1
memecylon floridum,0.19318801040800582
memecylon fruticosum,0.4643570396487552
memecylon garcinioides,0.6060484631665011
memecylon lilacinum,0.9843677107237884
memecylon minutiflorum,0.10783991056777913
memecylon oleifolium,0.07579000246058638
memecylon ovatum,0.7579879831913879
memecylon paniculatum,0.7731136358997335
memecylon pseudomegacarpum,0.06961407179311625
memecylon pubescens,0.6750329409799447
merope angulata,0.0978348272227043
merremia hederacea,0.6844339008200653
mesophlebion chlamydophorum,0.4985247096131899
mesophlebion crassifolium,0.5013179891166726
mesophlebion motleyanum,0.0001298584794530937
mesua elegans,0.229659900344703
mezzettia parviflora,0.0022390104039049217
micrechites serpyllifolius,0.8543471804058368
micrococca mercurialis,0.2507730928277389
microcos blattaefolia,0.61539203717334
microcos globulifera,0.03732160736540376
microcos hirsuta,0.5396269794196744
microdesmis caseariifolia,0.8401954459328347
microlepia speluncae,0.9206010243313426
microsaccus javensis,0.007282114279243452
microsorum punctatum,0.7064124209381588
miliusa longipes,0.0008824792416942941
millettia xylocarpia,0.05449052002573914
mischocarpus sundaicus,0.10614166509477829
mitrella kentii,0.3815020383756164
mnesithea glandulosa,0.2290198963553811
molineria capitulata,0.4229745003377967
molineria latifolia,0.5370691190213428
monocarpia marginalis,1
monogramma dareicarpa,0.007440747740276976
monoon borneense,0.6913156033735085
morella esculenta,0.19058138737841646
morinda citrifolia,1
morinda ridleyi,0.678319665073618
morinda rigida,0.9105036948326996
morinda umbellata,0.7577956191087653
mucuna gigantea,0.29134873803656275
mussaenda glabra,0.9794667873063755
mussaendopsis beccariana,0.7156343416351385
mycaranthes obliqua,0.00754721232888293
mycaranthes pannea,0.019970584972522094
myrialepis paradoxa,0.020568081091485724
myristica cinnamomea,0.4619022084455849
myristica crassa,0.7691718426905927
myristica elliptica,0.9687086201933139
myristica iners,0.0025381232102520785
myristica lowiana,0.905277562519873
myristica maingayi,0.7374251413642943
myristica maxima,0.6531170735438058
myrmecodia tuberosa,0.005154681424300779
najas indica,0.47854736282722665
nauclea officinalis,0.668500109641859
nauclea subdita,0.0246958779822721
neesia malayana,0.8057382983447415
neesia synandra,0.016256358170235286
nenga pumila var. pachystachya,0.8395061468998222
neolitsea cassia,0.5962824984752002
neoscortechinia kingii,1
neoscortechinia sumatrensis,0.37826414360776167
nepenthes ampullaria,0.3593869303012509
nepenthes gracilis,1
nepenthes rafflesiana,0.0646554475189635
nephelaphyllum pulchrum,0.2097002436732836
nephelium cuspidatum,0.7651131208291004
nephelium lappaceum,1
nephelium laurinum,0.5474813162536022
nephelium maingayi,0.733282359794529
nephelium ramboutan-ake,0.654608861485976
nephrolepis acutifolia,0.0008618696744820093
nephrolepis falcata,0.2568506004496154
nephrolepis radicans,0.09895717545797218
nervilia punctata,0.14891929685508912
neuropeltis racemosa,0.6503605731473314
neuwiedia griffithii,0.2447741847297816
neuwiedia veratrifolia,0.613442220997657
norrisia maior,0.6744081236371949
nothaphoebe umbelliflora,0.5269589223834749
nothocissus spicifera,0.6388395388688116
nymphoides indica,0.06417248240503128
nypa fruticans,1
oberonia ciliolata,0.0001004187761902659
oberonia dissitiflora,0.007255723665986917
oberonia stenophylla,0.22334109935308566
ochanostachys amentacea,0.15852761836137175
ochrosia oppositifolia,0.6377190745064613
ochthocharis javanica,4.264026083240807e-05
oldenlandia affinis,0.07823850080653204
oldenlandia prostrata,0.5944339282508041
olea brachiata,0.8506261296704323
oncosperma horridum,0.914099697562479
oncosperma tigillarium,0.18096669900015397
ophioglossum nudicaule,0.07937557738426573
ophioglossum pendulum,0.8847662044561015
ophioglossum reticulatum,0.9979649568246983
ophiorrhiza singaporensis,0.8461103225399919
orania sylvicola,0.2188241894991759
ormocarpum cochinchinense,0.626992103202792
ormosia bancana,0.452220616329629
ormosia macrodisca,0.8394141182524122
ormosia sumatrana,0.014227377767815857
osmelia philippina,0.9701673271465676
ottochloa nodosa,0.2564557194993917
oxyceros drupaceus,0.9373585274067593
oxyceros fragrantissimus,0.8246854631737939
oxyceros longiflorus,1
oxystophyllum carnosum,7.719624538302305e-05
oxystophyllum excavatum,0.0014804102764277745
oxystophyllum sinuatum,0.16875278059176133
pachycentria constricta,0.27967020116549896
pachycentria maingayi,0.28794534806892547
paederia foetida,1
palaquium gutta,0.7575635505718936
palaquium hexandrum,0.5645875409396944
palaquium impressionervium,0.6176045728087919
palaquium microphyllum,0.41079810218081564
palaquium obovatum,0.941118474954044
palaquium oxleyanum,0.5455700400109924
palaquium ridleyi,0.026996031964964726
palaquium rostratum,0.44248412842084556
palaquium xanthochymum,0.9478342702178986
pandanus houlletii,0.9227809296119511
pandanus odorifer,0.07872237843823743
pandanus rostratus,0.048805208652610094
pandanus singaporensis,0.9544597328584313
pandanus yvanii,0.5778767213770515
panicum luzonense,0.14565034576425684
panicum repens,0.45744397285300264
panicum sarmentosum,0.009006593439440297
paracroton pendulus,0.4251778678935442
paraderris elliptica,0.37895358464185885
paraderris montana,0.7688639665512823
parameria polyneura,0.7198025886338153
paramignya scandens,0.5496948793739379
paranephelium macrophyllum,0.6305457985956249
parartocarpus bracteatus,0.6436330324387468
parastemon urophyllus,0.36729473970647775
parinari costata,0.09057377916282607
parinari oblongifolia,0.5335180014150395
parishia insignis,0.26087903457453343
parishia maingayi,0.6632460303599815
parishia paucijuga,0.05723009157777302
parkia speciosa,0.977693539791678
parsonsia alboflavescens,0.38574244932102464
paspalum longifolium,0.2867593794489937
paspalum vaginatum,0.6612438563692463
pavetta wallichiana,0.8546975309886138
payena lucida,0.26844394760359
payena maingayi,0.20208518258375352
payena obscura,0.6555812662501997
peliosanthes teta,0.8359198992185055
pellacalyx axillaris,1
pellacalyx saccardianus,0.2873476863975795
peltophorum pterocarpum,0.051003100752550365
pemphis acidula,0.7512403798393705
pentace triptera,0.5959994748784646
pentaphragma ellipticum var. ellipticum,0.0003567659431838229
peristylus lacertifer,9.74474102652446e-05
peristylus maingayi,0.3608777708030789
perotis indica,0.4555658244702199
persea declinata,0.0017449177893716487
pertusadina eurhyncha,0.6709000310344924
phaeanthus ophthalmicus,0.7072070946390145
phaeanthus splendens,0.15229419820276255
phoebe grandis,0.7146769818253931
pholidocarpus kingianus,0.8712053826684432
phreatia plantaginifolia,0.0009078941597140001
phrynium parvum,0.550187082666141
phyllanthus emblica,0.587696410764534
phymatosorus nigrescens,3.5334431064175854e-05
phymatosorus scolopendria,0.7824957079097712
phytocrene bracteata,0.9726169653126326
pimelodendron griffithianum,0.42735851356260823
pinalia bractescens,0.05761405741238209
pinalia floribunda,1
pinalia tenuiflora,0.0033509420376189253
pinanga disticha,0.596984068112051
pinanga limosa,0.0008109680607816305
pinanga malaiana,0.030344354331853046
pinanga pectinata,0.0029783624087042194
pinanga simplicifrons,0.9834778807200477
piper caninum,0.8138808406508066
piper flavimarginatum,0.9336561057327522
piper macropiper,0.885568272992119
piper muricatum,0.9615553266149761
piper pedicellosum,0.9336561057327522
piper porphyrophyllum,0.9462917241392848
piper ramipilum,0.9699209077734714
piper ribesioides,0.9809674631458797
piper sarmentosum,1
pittosporum ferrugineum,0.1083580634096102
plagiostachys lateralis,0.005120099181689137
planchonella linggensis,0.05892403394586871
planchonia grandis,0.15774739464188922
platea latifolia,0.8878374370483969
platycerium coronarium,0.5370691190213428
platycerium ridleyi,0.0019236026804632935
plectocomia elongata,1
pleocnemia conjugata,0.5441050921577312
pleocnemia irregularis,0.889906558084266
pleocnemia olivacea,6.0554182976359545e-05
plethiandra sessiliflora,0.0004381412216792215
plocoglottis gigantea,0.6436330324387468
plocoglottis javanica,0.600398385273668
plocoglottis lowii,1
ploiarium alternifolium,0.3548544882373751
pluchea indica,0.07944153820283872
podocarpus polystachyus,0.9625688367856111
podochilus microphyllus,0.01779119623016308
pogonanthera pulverulenta,0.0276360518860147
pogonatherum crinitum,0.1492545697845056
poikilospermum cordifolium,0.7887933696077245
poikilospermum suaveolens,0.3343063165537544
polyalthia angustissima,0.8326219535096488
polyalthia cauliflora,0.7788658930988642
polyalthia clavigera,0.07579000246058638
polyalthia glauca,0.5868220108068878
polyalthia jenkinsii,0.09416304484834591
polyalthia lateriflora,0.9810897733927089
polyalthia rumphii,0.5444808028186141
polyalthia sclerophylla,0.2891485313340611
polyalthia sumatrana,0.5692732456069477
polyosma ridleyi,0.098555423146119
polystachya concreta,0.7599124124727961
pomatocalpa diffusum,0.8774596033163689
pometia pinnata,1
pongamia pinnata,0.7937755895715776
popowia fusca,0.7109239822119711
popowia pisocarpa,0.4941073562241509
popowia tomentosa,0.29512743750402903
porterandia anisophylla,0.9687086201933139
portulaca pilosa,0.2894747071643439
pothos curtisii,1
pouteria maingayi,0.8461275254323252
pouteria malaccensis,0.5853980876648456
pouteria obovata,0.6932467891539906
premna divaricata,0.0013212209488842185
premna serratifolia,1
premna trichostoma,3.724568553664432e-05
prismatomeris glabra,0.9424149120741664
prismatomeris tetrandra subsp. malayana,0.44837022847926383
pronephrium menisciicarpon,0.006486183343894439
pronephrium repandum,0.05217109998999221
pronephrium triphyllum,0.39140452188378533
prunus arborea,0.6730112845270013
prunus grisea,0.3380914003533431
prunus polystachya,0.11777731398458875
pseuderanthemum kingii,0.00329285586001922
pseudoclausena chrysogyne,0.8703321469288802
psilotum complanatum,0.007311347112159829
psilotum nudum,0.9920189424904007
psychotria griffithii,0.1517492241420941
psychotria helferiana,0.7598848162125307
psychotria maingayi,0.9770022639187763
psychotria malayana,0.99139329167959
psychotria ovoidea,0.611892201204794
psychotria penangensis,0.8394494764065333
psychotria ridleyi,0.5068403352086309
psychotria rostrata,0.9702309802332618
psychotria sarmentosa,0.5370691190213428
pteleocarpa lamponga,0.7284312468396565
pteridium aquilinum,0.2988663509990191
pteris multifida,0.9694045949776754
pteris semipinnata,0.4903154085206007
pteris tripartita,0.7923618635995237
pterisanthes eriopoda,0.7966611284035497
pterisanthes polita,0.25620941751260623
pternandra caerulescens,0.47643494284586263
pternandra echinata,1
pternandra tuberculata,0.2447791241217858
pteroceras pallidum,0.003191183544897212
pterocymbium tubulatum,0.45947674833492685
pterospermum diversifolium,0.8241423509815192
pterospermum javanicum,0.8924989660006678
pterospermum lanceifolium,0.877275527782187
pterospermum sumatranum,0.0022214201994191513
ptychopyxis caput-medusae,0.3321417236054007
ptychopyxis costata var. oblanceolata,0.6943181972280703
pycreus polystachyos,0.9908640672567491
pycreus pumilus,0.011128762848425861
pyramidanthe prismatica,0.4690193053255422
pyrenaria acuminata,0.6044729255904134
pyrrosia angustata,0.37313786440185076
pyrrosia lanceolata,0.16761299575083996
pyrrosia longifolia,0.9866517698518111
pyrrosia piloselloides,1
quercus argentata,0.7129712866801213
radermachera pinnata ssp. acuminata,0.8909408451584075
rapanea porteriana,0.8395061468998222
reissantia indica,0.003381765648035119
remirea maritima,0.8491144923383909
renanthera elongata,0.9773774479728685
rhaphidophora korthalsii,0.6958531633953304
rhaphidophora lobbii,0.2420635900768512
rhaphidophora minor,0.6369363771059084
rhaphidophora montana,0.3277686174399201
rhizophora apiculata,0.7116399279116133
rhizophora lamarckii,0.6237290913678668
rhizophora mucronata,0.05549155382342511
rhizophora stylosa,1
rhodamnia cinerea,0.5933925648666148
rhododendron longiflorum,0.09692805828450755
rhodomyrtus tomentosa,1
rhopaloblaste singaporensis,0.23740969274439616
rhynchospora malasica,0.0666335113077292
rhynchospora rugosa,0.11779058532859804
rhynchostylis gigantea,0.06764056108932566
rinorea anguifera,0.9105036948326996
rinorea lanceolata,0.776581805627734
robiquetia spathulata,0.8856180168700967
rothmannia macrophylla,0.9684890094767968
rourea acutipetala,0.8160967806744596
rourea asplenifolia,0.9800533224700517
rourea fulgens,0.37788264719811976
rourea mimosoides,0.611892201204794
rourea minor,0.5370691190213428
rourea rugosa,0.11775620362787484
rubus moluccanus,0.46676786867517933
ryparosa hullettii,0.0026399535345467376
ryparosa scortechinii,0.5215633928063802
salacca affinis,0.011849044838576676
salacia chinensis,0.43048435352348324
salacia exsculpta,0.30984232081292473
salacia grandiflora,0.8773584054549758
salacia korthalsiana,0.532036103930584
salacia macrophylla,0.9756751262311143
salacia maingayi,0.30006533311564804
salacia viminea,1.6606356719886295e-06
sandoricum beccarianum,0.45020631001853534
sandoricum koetjape,0.1749467412592751
santiria apiculata,0.16840452396955596
santiria conferta,0.6780864839707841
santiria griffithii,0.2688239493768451
santiria laevigata,0.431295125998442
santiria rubiginosa,0.5441285098300085
santiria tomentosa,0.0019804442781304527
saprosma glomerulatum,0.02302782702772752
sarcolobus globosus,0.0003317292869975658
sarcosperma paniculatum,0.9983823481521173
sarcotheca laxa var. sericea,0.7676848939091299
saurauia pentapetala,0.2020266273397667
sauropus androgynus,0.195723594718613
sauropus bacciformis,0.46534190515139967
scaevola taccada,1
scaphium affine,0.78051539065171
scaphium linearicarpum,0.09700421753313017
scaphium macropodum,0.2955718670309552
schefflera cephalotes,0.04017752586739546
schefflera elliptica,0.9230348502105706
schefflera hullettii,0.643554417159333
schefflera lanceolata,0.0010523849709962892
schefflera ridleyi,3.46388576643285e-05
schismatoglottis calyptrata,0.10931775634898816
schismatoglottis wallichii,0.9048676761008544
schizachyrium sanguineum,0.0010412298340537615
schizaea dichotoma,0.20190200833540925
schizaea digitata,0.12612981259690567
schizostachyum gracile,0.7880873535667126
schizostachyum latifolium,0.5406672770067945
schoenorchis micrantha,0.013426893702896087
schoenorchis secundiflora,0.021176029070853922
schradera membranacea,0.9024459856996206
sciaphila tenella,0.12026321226298421
scindapsus hederaceus,0.6940981532835
scindapsus pictus,0.7429862628430072
scirpodendron ghaeri,0.03548241039349836
scleria ciliaris,0.8981438995218316
scleria corymbosa,0.011911300654256803
scleria purpurascens,0.0005353854322461869
scleria sumatrensis,0.33841794915955253
scleria terrestris,0.3868608784411693
scleropyrum pentandrum,0.9767677743230114
scolopia macrophylla,0.003602128492164725
scorodocarpus borneensis,0.3172464133110205
scrotochloa urceolata,0.9400489544350846
scurrula ferruginea,0.5302304239351293
scurrula parasitica,0.40082011245838933
scyphiphora hydrophylacea,0.7512403798393705
securidaca philippinensis,0.9380660086671437
selaginella ciliaris,0.8160967806744596
selaginella intermedia,0.40511154370650215
selaginella mayeri,0.46746971773424995
selaginella roxburghii,0.08336181752646135
selaginella willdenowii,0.10090051956669457
selliguea lateritia,0.0005445998072542823
serianthes grandiflora,0.8791407910033604
sesuvium portulacastrum,0.9751291330089426
setaria parviflora,0.2645920182919323
shirakiopsis indica,0.04573913399142554
shorea bracteolata,0.9830193603425614
shorea curtisii,0.15165470091065641
shorea gibbosa,0.2960474434596029
shorea gratissima,0.5098013307017745
shorea leprosula,0.5344206829512739
shorea macroptera,0.7285740525872434
shorea ovalis,0.56975829824805
shorea parvifolia,0.28464145783389805
shorea pauciflora,0.5548766242537946
shorea platycarpa,0.7210562879531356
sida cordifolia,0.5269589223834749
sindora coriacea,0.6053921144907599
sindora wallichii,0.5494294934066659
sloanea javanica,0.27279032435689743
smilax calophylla,0.8086177742710806
smilax leucophylla,0.9207115133608231
smilax megacarpa,0.6730112845270013
smilax myosotiflora,0.8715744237973166
smilax setosa,0.9625688367856111
smythea lanceata,0.8515246440554967
soejatmia ridleyi,0.002185755019817168
sonerila heterostemon,0.8861366792275311
sonerila moluccana,0.9893674982965082
sonneratia alba,0.03431823006526547
sonneratia caseolaris,0.7885939077641477
sonneratia ovata,0.7226058816518475
sophora tomentosa,1
spathoglottis plicata,0.6913156033735085
spatholobus ferrugineus,0.61457949762329
spatholobus maingayi,0.9279105217958767
spatholobus ridleyi,0.6940981532835
sphaerocaryum malaccense,0.0666335113077292
sphaerocoryne affinis,0.681437480366875
sphaerostephanos heterocarpus,0.38142779638256874
sphaerostephanos polycarpa,0.8789162995627826
sphenodesme pentandra,0.1701716008757717
sporobolus indicus,0.23052265520425674
stachyphrynium latifolium,0.19160876128623877
staurogyne griffithiana,0.00019261794930042103
staurogyne kingiana,0.1413692594620731
staurogyne setigera,0.9827966114524098
stemonurus scorpioides,0.6275608277082583
stenochlaena palustris,0.33694019101411515
stephania capitata,0.8500622810428936
sterculia coccinea,0.7408925427917927
sterculia cordata,0.9800853384268292
sterculia macrophylla,0.9876064382811875
sterculia parviflora,0.9948541234918435
sterculia rubiginosa,0.9835793080102103
stereosandra javanica,0.018926600294061676
stereospermum tetragonum,0.003806077803807972
stichorkis gibbosa,0.001995555203336776
streblus elongatus,0.16941914046993894
strobilanthes palawanensis,0.5184823520399177
strombosia ceylanica,0.4727051144067191
strombosia javanica,0.10728679208361952
strophanthus caudatus,0.9074694053114415
strophanthus singaporianus,0.04884200721751387
strychnos axillaris,0.65156993919144
strychnos ignatii,0.3754554108127182
strychnos maingayi,0.8879577736801553
strychnos ridleyi,0.007359618910904831
styphelia malayana,0.7339465502283277
styrax benzoin,0.5360482127547666
suregada multiflora,0.733282359794529
swintonia schwenckii,0.47319753696005246
symplocos adenophylla,0.16585780211918766
symplocos barringtoniifolia,0.11175883865796059
symplocos fasciculata,0.4920434436898607
symplocos lucida,0.026996031964964726
symplocos odoratissima,0.663671839424013
symplocos rubiginosa,0.45332735462467943
syngramma alismifolia,0.7548233556588256
syngramma wallichii,0.8526980866299033
syringodium isoetifolium,0.3003113059400353
syzygium acuminatissimum,0.4867582899741674
syzygium attenuatum,0.6794826087437333
syzygium borneense,0.9575448526945924
syzygium chloranthum,0.4478957577806373
syzygium cinereum,0.002587137988250597
syzygium claviflorum,0.24585941289324084
syzygium duthieanum,0.426561911754425
syzygium filiforme,0.7426942824231355
syzygium glabratum,5.720490891203464e-06
syzygium glaucum,0.48316007977794745
syzygium grande,1
syzygium griffithii,0.7725727425690649
syzygium incarnatum,0.3737212454329446
syzygium lineatum,0.6474167985552807
syzygium linocieroideum,0.0005155231800450304
syzygium maingayi,0.753200920291453
syzygium muelleri,0.9857957102721866
syzygium myrtifolium,1
syzygium nemestrinum,0.6805953503056504
syzygium ngadimanianum,0.7870361616482804
syzygium nigricans,0.00683842130921893
syzygium oblatum,0.8459517371783916
syzygium pachyphyllum,0.8834568876518488
syzygium palembanicum,0.6855327057286861
syzygium papillosum,0.8712053826684432
syzygium pauper,0.0891699133948673
syzygium pendens,0.4941073562241509
syzygium polyanthum,0.6240979875282172
syzygium pseudocrenulatum,0.15430236590063542
syzygium pseudoformosum,0.6256233066980365
syzygium pustulatum,0.2682136737943556
syzygium pycnanthum,0.26844394760359
syzygium pyrifolium,0.9595135535211646
syzygium ridleyi,0.36729473970647775
syzygium rugosum,0.4611182414082488
syzygium scortechinii,0.7445028742320747
syzygium singaporense,0.41451739214482797
syzygium subdecussatum,0.650639691299134
syzygium syzygioides,0.8545764634069366
syzygium zeylanicum,0.14423616253311433
tabernaemontana corymbosa,0.8515246440554967
tabernaemontana pauciflora,0.8187855112521607
tacca integrifolia,1
tacca leontopetaloides,1
taeniophyllum pusillum,0.00027833085760519614
taenitis blechnoides,0.40348559779872306
taenitis interrupta,0.7718138642939836
talipariti tiliaceum,1
tarenna costata,1
tarenna fragrans,0.27151252783177215
tarenna mollis,0.4375146263364718
tarenna odorata,0.9221344554531649
tarenna stellulata,0.019108628760011417
taxillus chinensis,0.6237290913678668
tectaria angulata,5.218223388532841e-05
tectaria barberi,0.3326894217505298
tectaria grandidentata,0.7499096157106215
tectaria griffithii var. singaporeana,0.0015694609621021774
tectaria semipinnata,0.48011775307321597
tectaria singaporiana,0.7864195400782193
tectaria vasta,0.9695612174767948
teijsmanniodendron coriaceum,0.6504442966003663
teijsmanniodendron pteropodum,0.8221974230110074
teratophyllum aculeatum,0.022519653345809867
teratophyllum ludens,0.636048398690667
teratophyllum rotundifoliatum,0.16658354492589453
terminalia catappa,1
terminalia citrina,0.8993881742209375
terminalia phellocarpa,0.28176017237080997
terminalia subspathulata,0.8459122492368113
ternstroemia coriacea,0.9973908750412123
ternstroemia palembangensis,0.5851677264076742
ternstroemia penangiana,0.0012590014473326404
ternstroemia wallichiana,0.018553370630609762
tetracera akara,0.7252216817985202
tetracera arborescens,0.9378605343155543
tetracera fagifolia,0.5586651901072794
tetracera indica,1
tetracera macrophylla,0.7784911452075104
tetracera maingayi,0.9455323842766448
tetracera scandens,0.9091200226717101
tetrastigma curtisii,0.9719679182637264
tetrastigma dichotomum,0.9840932599350575
tetrastigma lawsoni,0.7884690078390177
tetrastigma rafflesiae,0.9207115133608231
thalassia hemprichii,0.9807562608764953
thelasis carinata,0.025945081663386823
thelasis micrantha,0.001995555203336776
thelypteris truncata,0.05183870474300943
themeda villosa,0.6395693692754725
thespesia populnea,1
thottea grandiflora,0.9642145171122869
thottea praetermissa,0.796791344307865
thrixspermum acuminatissimum,0.03756975186673028
thrixspermum amplexicaule,0.5189002028315287
thrixspermum calceolus,0.0003794747476001868
thrixspermum ridleyanum,0.10336427132280067
thrixspermum trichoglottis,0.0029095377501395826
thuarea involuta,0.37620311505095433
thunbergia dasychlamys,0.05775963202437488
thunbergia laurifolia,0.9509061309231901
timonius finlaysonianus,0.9889346811858386
timonius flavescens,0.8423010734354074
timonius wallichianus,0.9496094723748698
tinomiscium petiolare,0.8683687257399215
tinospora macrocarpa,0.9317783597859587
tournefortia tetrandra,0.008249915965220518
toxocarpus griffithii,0.828781900049973
trema cannabina,0.8283254779622847
trema tomentosa,0.12308986868423348
trevesia burckii,0.5174326349148092
triadica cochinchinensis,0.39102208692579765
trichomanes bimarginatum,0.000584753239363347
trichomanes mindorense,0.0003746931857563449
trichomanes motleyi,0.5025412135746586
trichomanes sublimbatum,0.002967242176588698
trichosanthes celebica,0.7497653099867957
trichosanthes wallichiana,0.7129712866801213
trichosanthes wawraei,0.7288989485732165
trichotosia gracilis,0.019225359428692492
trichotosia velutina,0.004440024829197275
trichotosia vestita,0.10768497733616046
trigonachras acuta,0.9021534462888264
trigonachras cultrata,0.6822913239722062
trigoniastrum hypoleucum,0.7447212133639461
trigonostemon heteranthus,0.9829485509780613
trigonostemon villosus,0.9878021090398995
triomma malaccensis,0.16102247965003857
tristaniopsis merguensis,0.6607240589144232
tristaniopsis obovata,0.645390624810175
tristaniopsis whiteana,0.8024935211833478
tristellateia australasiae,1
tropidia curculigoides,0.00013301173374700734
turpinia sphaerocarpa,0.5360482127547666
tylophora flexuosa,0.14633383978635348
tylophora indica,0.920610448211092
tylophora laevis,0.7599124124727961
uncaria acida,0.9869522112515642
uncaria attenuata,0.22042464552108731
uncaria callophylla,0.965736128757151
uncaria cordata var. ferruginea,0.9625427582782855
uncaria elliptica,0.9175639565140844
uncaria lanosa var. glabrata,0.7695436725458551
uncaria longiflora var. pteropoda,0.6463304643505572
uncaria roxburghiana,0.9085526491351475
urceola brachysepala,0.4326934278645646
urceola elastica,0.8180700937077564
urceola lucida,7.288215422260112e-05
urceola torulosa,0.5370691190213428
urophyllum arboreum,0.10757210398780956
urophyllum blumeanum,0.8707153993858082
urophyllum griffithianum,0.6244174312662245
urophyllum hirsutum,0.7864195400782193
urophyllum streptopodium,0.5269589223834749
utania austromalayensis,0.0016617038505252007
utania nervosa,0.914099697562479
utania racemosa,0.9958214223269226
utania volubilis,0.8659538457299413
utricularia uliginosa,0.4786972227931908
uvaria clementis,0.01824981619602382
uvaria cordata,0.960873897946173
uvaria grandiflora,0.9810926349118545
uvaria hirsuta,0.5907513191223542
uvaria javana,0.9484129004766075
uvaria leptopoda,0.6217888233653118
uvaria lobbiana,0.9404470852109057
uvaria pauci-ovulata,0.7421517534106686
vaccinium bracteatum,0.3113327131615108
vaccinium littoreum,0.0009078941597140001
vaginularia trichoidea,0.0386221433000096
vanilla griffithii,0.9779353639703922
vatica maingayi,0.8045062815598484
vatica odorata,0.9817890899300559
vatica pauciflora,0.8746433889897377
vatica ridleyana,0.23787817527522648
ventilago maingayi,0.7574587666547911
ventilago malaccensis,0.8909408451584075
vernonia arborea,0.39869807730662715
viburnum sambucinum,0.00023949081025587067
vigna marina,0.11639364050005084
viscum articulatum,0.8868513112413129
viscum ovalifolium,0.5652324681296007
vitex negundo,0.4552391658978069
vitex pinnata,0.7228454109448026
vitex vestita,0.598898621516514
vittaria elongata,0.9717931823910447
vittaria ensiformis,0.6312484895881895
vrydagzynea albida,0.0010339485743825982
vrydagzynea lancifolia,2.1952687138688623e-05
vrydagzynea tristriata,0.06437413889903335
willughbeia angustifolia,0.015240458513864468
willughbeia coriacea,0.9564679680107584
willughbeia edulis,0.8741424686858394
willughbeia flavescens,0.45279281279512446
willughbeia tenuiflora,0.12911579736424122
wollastonia biflora,1
wrightia laevis,0.7605301568606345
xanthophyllum amoenum,0.8484600761269294
xanthophyllum discolor,0.49086614627438163
xanthophyllum ellipticum,0.7497653099867957
xanthophyllum eurhynchum,0.761784907783005
xanthophyllum flavescens,0.731692086258518
xanthophyllum griffithii,0.15878700558668457
xanthophyllum kunstleri,0.8016134748331605
xanthophyllum obscurum,0.18634686542803883
xanthophyllum stipitatum,0.5596119603395145
xanthophyllum vitellinum,0.9883759226771041
xenostegia tridentata,0.61457949762329
xerospermum noronhianum,0.452220616329629
ximenia americana,0.4300662063843852
xylocarpus granatum,0.6770528457882439
xylocarpus moluccensis,0.5513608129380869
xylocarpus rumphii,0.4374413125932847
xylopia caudata,0.2725075005379276
xylopia ferruginea,0.45976692652700407
xylopia fusca,0.8808813227846839
xylopia magna,0.645712156176522
xylopia malayana,0.08101042235031444
xyris pauciflora,0.11402170434396013
zanthoxylum nitidum,0.14722580172418542
zeuxine clandestina,0.9535512189842161
zeuxine parvifolia,0.020152404157795276
zingiber griffithii,0.3093904219381226
zingiber puberulum var. chryseum,0.8715744237973166
ziziphus calophylla,0.8086177742710806
ziziphus elegans,0.732849997626624
ziziphus horsfieldii,0.438628284614464
zoysia matrella,0.9899366042522596
