standardise name,family
acacia concinna,Fabaceae
acacia kekapur,Fabaceae
acanthus ebracteatus,Acanthaceae
acanthus ilicifolius,Acanthaceae
acanthus volubilis,Acanthaceae
acer laurinum,Sapindaceae
acriopsis liliifolia,Orchidaceae
acriopsis ridleyi,Orchidaceae
acrostichum aureum,Pteridaceae
acrostichum speciosum,Pteridaceae
actephila excelsa var. javanica,Phyllanthaceae
actinodaphne glomerata,Lauraceae
actinodaphne macrophylla,Lauraceae
actinodaphne malaccensis,Lauraceae
actinodaphne pruinosa,Lauraceae
actinoscirpus grossus,Cyperaceae
adenanthera malayana,Fabaceae
adenia cordifolia,Passifloraceae
adenia macrophylla var. singaporeana,Passifloraceae
adenoncos major,Orchidaceae
adenoncos sumatrana,Orchidaceae
adenosma javanicum,Plantaginaceae
adiantum flabellulatum,Adiantaceae
adiantum hispidulum,Adiantaceae
adiantum stenochlamys,Adiantaceae
adinandra acuminata,Pentaphylacaceae
adinandra dumosa,Pentaphylacaceae
adinandra integerrima,Pentaphylacaceae
aegiceras corniculatum,Myrsinaceae
aeschynanthus albidus,Gesneriaceae
aeschynanthus parvifolius,Gesneriaceae
aeschynanthus radicans,Gesneriaceae
aeschynanthus wallichii,Gesneriaceae
aganope heptaphylla,Fabaceae
aganope thyrsiflora,Fabaceae
agapetes leptantha,Ericaceae
agelaea borneensis,Connaraceae
agelaea macrophylla,Connaraceae
aglaia crassinervia,Meliaceae
aglaia cucullata,Meliaceae
aglaia edulis,Meliaceae
aglaia elliptica,Meliaceae
aglaia erythrosperma,Meliaceae
aglaia exstipulata,Meliaceae
aglaia lawii subsp. oligocarpa,Meliaceae
aglaia leptantha,Meliaceae
aglaia macrocarpa,Meliaceae
aglaia meliosmoides,Meliaceae
aglaia multinervis,Meliaceae
aglaia odoratissima,Meliaceae
aglaia oligophylla,Meliaceae
aglaia palembanica,Meliaceae
aglaia rubiginosa,Meliaceae
aglaia rufinervis,Meliaceae
aglaia teysmanniana,Meliaceae
aglaia tomentosa subsp. cordata,Meliaceae
aglaomorpha speciosa,Polypodiaceae
aglaonema nebulosum,Araceae
aglaonema nitidum,Araceae
aglaonema simplex,Araceae
agrostistachys borneensis,Euphorbiaceae
agrostistachys gaudichaudii,Euphorbiaceae
agrostistachys sessilifolia,Euphorbiaceae
agrostophyllum majus,Orchidaceae
agrostophyllum stipulatum,Orchidaceae
aidia auriculata,Rubiaceae
aidia densiflora,Rubiaceae
ailanthus integrifolia,Simaroubaceae
alangium javanicum,Cornaceae
alangium longiflorum,Cornaceae
alangium nobile,Cornaceae
alangium ridleyi,Cornaceae
alangium salviifolium,Cornaceae
alangium uniloculare,Cornaceae
albertisia crassa,Menispermaceae
albizia pedicellata,Fabaceae
albizia retusa,Fabaceae
albizia splendens,Fabaceae
alchornea rugosa,Euphorbiaceae
alchornea villosa,Euphorbiaceae
allantodia aspera,Woodsiaceae
allmania nodiflora,Amaranthaceae
allophylus cobbe,Sapindaceae
alocasia longiloba,Araceae
alphonsea johorensis,Annonaceae
alphonsea maingayi,Annonaceae
alpinia aquatica,Zingiberaceae
alpinia conchigera,Zingiberaceae
alpinia rafflesiana,Zingiberaceae
alseodaphne bancana,Lauraceae
alseodaphne nigrescens,Lauraceae
alseodaphne oblanceolata,Lauraceae
alstonia angustifolia,Apocynaceae
alstonia angustiloba,Apocynaceae
alstonia pneumatophora,Apocynaceae
alstonia spatulata,Apocynaceae
alyxia reinwardtii,Apocynaceae
amischotolype gracilis,Commelinaceae
amischotolype mollissima,Commelinaceae
amomum hastilabium,Zingiberaceae
amomum xanthophlebium,Zingiberaceae
amorphophallus prainii,Araceae
ampelocissus ascendiflora,Vitaceae
ampelocissus elegans,Vitaceae
ampelocissus gracilis,Vitaceae
ampelocissus polystachya,Vitaceae
ampelocissus thyrsiflora,Vitaceae
amphineuron opulentum,Thelypteridaceae
amydrium medium,Araceae
amylotheca duthieana,Loranthaceae
anacolosa frutescens,Olacaceae
anadendrum microstachyum,Araceae
anaxagorea javanica,Annonaceae
ancistrocladus tectorius,Ancistrocladaceae
angiopteris evecta,Marattiaceae
anisophyllea disticha,Anisophyllaceae
anisophyllea griffithii,Anisophyllaceae
anisoptera costata,Dipterocarpaceae
anisoptera laevis,Dipterocarpaceae
anisoptera megistocarpa,Dipterocarpaceae
anodendron candolleanum,Apocynaceae
anoectochilus geniculatus,Orchidaceae
antiaris toxicaria,Moraceae
antidesma coriaceum,Phyllanthaceae
antidesma cuspidatum,Phyllanthaceae
antidesma neurocarpum,Phyllanthaceae
antidesma velutinosum,Phyllanthaceae
antrophyum callifolium,Vittariaceae
antrophyum parvulum,Vittariaceae
aphanamixis polystachya,Meliaceae
aphyllorchis pallida,Orchidaceae
aporosa benthamiana,Phyllanthaceae
aporosa confusa,Phyllanthaceae
aporosa falcifera,Phyllanthaceae
aporosa frutescens,Phyllanthaceae
aporosa globifera,Phyllanthaceae
aporosa lucida,Phyllanthaceae
aporosa lunata,Phyllanthaceae
aporosa maingayi,Phyllanthaceae
aporosa nervosa,Phyllanthaceae
aporosa nigricans,Phyllanthaceae
aporosa prainiana,Phyllanthaceae
aporosa subcaudata,Phyllanthaceae
aporosa symplocoides,Phyllanthaceae
apostasia nuda,Orchidaceae
appendicula anceps,Orchidaceae
appendicula cornuta,Orchidaceae
appendicula lucida,Orchidaceae
appendicula uncata,Orchidaceae
aquilaria hirta,Thymelaeaceae
aquilaria malaccensis,Thymelaeaceae
aquilaria microcarpa,Thymelaeaceae
arachnis hookeriana,Orchidaceae
aralidium pinnatifidum,Torricelliaceae
archidendron clypearia,Fabaceae
archidendron contortum,Fabaceae
archidendron ellipticum,Fabaceae
archidendron globosum,Fabaceae
archidendron jiringa,Fabaceae
archidendron microcarpum,Fabaceae
ardisia crenata,Myrsinaceae
ardisia elliptica,Myrsinaceae
ardisia eximia,Myrsinaceae
ardisia miqueliana,Myrsinaceae
ardisia purpurea,Myrsinaceae
ardisia ridleyi,Myrsinaceae
ardisia sanguinolenta,Myrsinaceae
ardisia singaporensis,Myrsinaceae
ardisia teysmanniana,Myrsinaceae
ardisia tuberculata,Myrsinaceae
ardisia villosa,Myrsinaceae
argyreia ridleyi,Convolvulaceae
aristolochia jackii,Aristolochiaceae
artabotrys costatus,Annonaceae
artabotrys crassifolius,Annonaceae
artabotrys maingayi,Annonaceae
artabotrys suaveolens,Annonaceae
artabotrys wrayi,Annonaceae
arthrophyllum diversifolium,Araliaceae
artocarpus anisophyllus,Moraceae
artocarpus elasticus,Moraceae
artocarpus fulvicortex,Moraceae
artocarpus gomezianus,Moraceae
artocarpus hispidus,Moraceae
artocarpus kemando,Moraceae
artocarpus lacucha,Moraceae
artocarpus lanceifolius,Moraceae
artocarpus lowii,Moraceae
artocarpus nitidus subsp. griffithii,Moraceae
artocarpus rigidus,Moraceae
arundina graminifolia,Orchidaceae
arytera littoralis,Sapindaceae
aspidopterys concava,Malpighiaceae
asplenium batuense,Aspleniaceae
asplenium longissimum,Aspleniaceae
asplenium macrophyllum,Aspleniaceae
asplenium nidus,Aspleniaceae
asplenium nitidum,Aspleniaceae
asplenium phyllitidis,Aspleniaceae
asplenium tenerum,Aspleniaceae
athyrium accedens,Woodsiaceae
athyrium bantamense,Woodsiaceae
austrobuxus nitidus,Picrodendraceae
avicennia alba,Acanthaceae
avicennia marina,Acanthaceae
avicennia officinalis,Acanthaceae
avicennia rumphiana,Acanthaceae
baccaurea bracteata,Phyllanthaceae
baccaurea brevipes,Phyllanthaceae
baccaurea macrocarpa,Phyllanthaceae
baccaurea macrophylla,Phyllanthaceae
baccaurea maingayi,Phyllanthaceae
baccaurea minor,Phyllanthaceae
baccaurea motleyana,Phyllanthaceae
baccaurea parviflora,Phyllanthaceae
baccaurea polyneura,Phyllanthaceae
baccaurea pyriformis,Phyllanthaceae
baccaurea racemosa,Phyllanthaceae
baccaurea reticulata,Phyllanthaceae
baccaurea sumatrana,Phyllanthaceae
baratranthus axanthus,Loranthaceae
barringtonia asiatica,Lecythidaceae
barringtonia conoidea,Lecythidaceae
barringtonia macrostachya,Lecythidaceae
barringtonia racemosa,Lecythidaceae
barringtonia reticulata,Lecythidaceae
bauhinia audax,Fabaceae
bauhinia semibifida,Fabaceae
beilschmiedia kunstleri,Lauraceae
beilschmiedia madang,Lauraceae
beilschmiedia tonkinensis,Lauraceae
benstonea affinis,Pandanaceae
benstonea atrocarpa,Pandanaceae
benstonea ornata,Pandanaceae
benstonea parva,Pandanaceae
bhesa paniculata,Celastraceae
bhesa robusta,Celastraceae
biermannia laciniata,Orchidaceae
blechnum finlaysonianum,Blechnaceae
blechnum orientale,Blechnaceae
blechnum serrulatum,Blechnaceae
blumea riparia,Asteraceae
blumeodendron tokbrai,Euphorbiaceae
bolbitis appendiculata,Lomariopsidaceae
bolbitis heteroclita,Lomariopsidaceae
bolbitis sinuata,Lomariopsidaceae
bolbitis x singaporensis,Dryopteridaceae
bouea macrophylla,Anacardiaceae
bouea oppositifolia,Anacardiaceae
brackenridgea elegantissima,Ochnaceae
brackenridgea palustris,Ochnaceae
breynia coronata,Phyllanthaceae
breynia discigera,Phyllanthaceae
breynia racemosa,Phyllanthaceae
breynia vitis-idaea,Phyllanthaceae
bridelia cinnamomea,Phyllanthaceae
bridelia pustulata,Phyllanthaceae
bridelia stipularis,Phyllanthaceae
bridelia tomentosa,Phyllanthaceae
bromheadia alticola,Orchidaceae
bromheadia borneensis,Orchidaceae
bromheadia finlaysoniana,Orchidaceae
bromheadia scirpoidea,Orchidaceae
bromheadia truncata,Orchidaceae
brownlowia argentata,Malvaceae
brownlowia tersa,Malvaceae
brucea javanica,Simaroubaceae
bruguiera cylindrica,Rhizophoraceae
bruguiera gymnorhiza,Rhizophoraceae
bruguiera hainesii,Rhizophoraceae
bruguiera parviflora,Rhizophoraceae
bruguiera sexangula,Rhizophoraceae
bryobium hyacinthoides,Orchidaceae
bryobium pudicum,Orchidaceae
buchanania arborescens,Anacardiaceae
buchanania sessilifolia,Anacardiaceae
bulbophyllum acuminatum,Orchidaceae
bulbophyllum apodum,Orchidaceae
bulbophyllum botryophorum,Orchidaceae
bulbophyllum caudatisepalum,Orchidaceae
bulbophyllum clandestinum,Orchidaceae
bulbophyllum concinnum,Orchidaceae
bulbophyllum dischidiifolium,Orchidaceae
bulbophyllum flabellum-veneris,Orchidaceae
bulbophyllum gracillimum,Orchidaceae
bulbophyllum limbatum,Orchidaceae
bulbophyllum lobbii,Orchidaceae
bulbophyllum macranthum,Orchidaceae
bulbophyllum macrochilum,Orchidaceae
bulbophyllum makoyanum,Orchidaceae
bulbophyllum maxillare,Orchidaceae
bulbophyllum medusae,Orchidaceae
bulbophyllum membranaceum,Orchidaceae
bulbophyllum ovalifolium,Orchidaceae
bulbophyllum patens,Orchidaceae
bulbophyllum pileatum,Orchidaceae
bulbophyllum praetervisum,Orchidaceae
bulbophyllum pulchellum,Orchidaceae
bulbophyllum purpurascens,Orchidaceae
bulbophyllum restrepia,Orchidaceae
bulbophyllum rugosum,Orchidaceae
bulbophyllum singaporeanum,Orchidaceae
bulbophyllum striatellum,Orchidaceae
bulbophyllum tenuifolium,Orchidaceae
bulbophyllum trifolium,Orchidaceae
bulbophyllum vaginatum,Orchidaceae
bulbophyllum vermiculare,Orchidaceae
bulbophyllum vesiculosum,Orchidaceae
bulbostylis barbata,Cyperaceae
bulbostylis puberula,Cyperaceae
burmannia championii,Burmanniaceae
burmannia coelestis,Burmanniaceae
burmannia wallichii,Burmanniaceae
byttneria maingayi,Malvaceae
caesalpinia bonduc,Fabaceae
caesalpinia crista,Fabaceae
caesalpinia sumatrana,Fabaceae
calamus densiflorus,Arecaceae
calamus diepenhorstii,Arecaceae
calamus erinaceus,Arecaceae
calamus insignis,Arecaceae
calamus javensis,Arecaceae
calamus laevigatus,Arecaceae
calamus lobbianus,Arecaceae
calamus luridus,Arecaceae
calamus ornatus,Arecaceae
calamus oxleyanus,Arecaceae
calamus ridleyanus,Arecaceae
calanthe pulchra,Orchidaceae
callerya dasyphylla,Fabaceae
callerya eriantha,Fabaceae
callicarpa longifolia,Lamiaceae
callostylis pulchella,Orchidaceae
calophyllum biflorum,Calophyllaceae
calophyllum dispar,Calophyllaceae
calophyllum ferrugineum,Calophyllaceae
calophyllum inophyllum,Calophyllaceae
calophyllum lanigerum var. austrocoriaceum,Calophyllaceae
calophyllum macrocarpum,Calophyllaceae
calophyllum pulcherrimum,Calophyllaceae
calophyllum rigidum,Calophyllaceae
calophyllum rubiginosum,Calophyllaceae
calophyllum rufigemmatum,Calophyllaceae
calophyllum soulattri,Calophyllaceae
calophyllum sundaicum,Calophyllaceae
calophyllum tetrapterum,Calophyllaceae
calophyllum teysmannii,Calophyllaceae
calophyllum wallichianum var. incrassatum,Calophyllaceae
campnosperma auriculatum,Anacardiaceae
campnosperma squamatum,Anacardiaceae
campylospermum serratum,Ochnaceae
canarium grandifolium,Burseraceae
canarium littorale,Burseraceae
canarium patentinervium,Burseraceae
canarium pilosum,Burseraceae
canavalia cathartica,Fabaceae
canavalia rosea,Fabaceae
cansjera rheedii,Opiliaceae
canthium confertum,Rubiaceae
canthium glabrum,Rubiaceae
canthium horridum,Rubiaceae
canthium molle,Rubiaceae
capparis micracantha subsp. korthalsiana,Capparaceae
carallia brachiata,Rhizophoraceae
carex cryptostachys,Cyperaceae
caryota mitis,Arecaceae
casearia capitellata,Salicaceae
casearia clarkei,Salicaceae
casearia lobbiana,Salicaceae
cassine viburnifolia,Celastraceae
cassytha filiformis,Lauraceae
castanopsis inermis,Fagaceae
castanopsis lucida,Fagaceae
castanopsis malaccensis,Fagaceae
castanopsis megacarpa,Fagaceae
castanopsis nephelioides,Fagaceae
castanopsis schefferiana,Fagaceae
castanopsis wallichii,Fagaceae
casuarina equisetifolia,Casuarinaceae
cayratia japonica,Vitaceae
cayratia mollissima,Vitaceae
cayratia novemfolia,Vitaceae
cayratia trifolia,Vitaceae
celastrus monospermoides,Celastraceae
centella asiatica,Apiaceae
centotheca lappacea,Poaceae
cephalomanes javanicum,Hymenophyllaceae
cephalomanes obscurum,Hymenophyllaceae
cephalomanes singaporeanum,Hymenophyllaceae
cephalomanes superbum,Hymenophyllaceae
cerbera manghas,Apocynaceae
cerbera odollam,Apocynaceae
ceriops tagal,Rhizophoraceae
ceriops zippeliana,Rhizophoraceae
champereia manillana,Opiliaceae
chassalia angustifolia,Rubiaceae
chassalia chartacea,Rubiaceae
chassalia curviflora,Rubiaceae
chassalia griffithii,Rubiaceae
chassalia singapurensis,Rubiaceae
cheilanthes tenuifolia,Adiantaceae
cheilocostus speciosus,Costaceae
cheilosa montana,Euphorbiaceae
chionanthus macrocarpus,Oleaceae
chionanthus ramiflorus,Oleaceae
chisocheton erythrocarpus,Meliaceae
chisocheton macrophyllus,Meliaceae
chisocheton patens,Meliaceae
chisocheton pentandrus subsp. paucijugus,Meliaceae
chisocheton sarawakanus,Meliaceae
chloranthus erectus,Chloranthaceae
chonemorpha fragrans,Apocynaceae
christella arida,Thelypteridaceae
christella subpubescens,Thelypteridaceae
chrysophyllum roxburghii,Sapotaceae
chrysopogon aciculatus,Poaceae
cinnamomum iners,Lauraceae
cinnamomum javanicum,Lauraceae
cinnamomum subavenium,Lauraceae
cissus hastata,Vitaceae
cissus nodosa,Vitaceae
cissus repens,Vitaceae
cissus rostrata,Vitaceae
claderia viridiflora,Orchidaceae
claoxylon indicum,Euphorbiaceae
claoxylon longifolium,Euphorbiaceae
clausena excavata,Rutaceae
cleisostoma halophilum,Orchidaceae
cleisostoma scortechinii,Orchidaceae
cleisostoma subulatum,Orchidaceae
cleistanthus hirsutulus,Phyllanthaceae
cleistanthus macrophyllus,Phyllanthaceae
cleistanthus malaccensis,Phyllanthaceae
cleistanthus oblongifolius,Phyllanthaceae
cleistanthus sumatranus,Phyllanthaceae
clerodendrum deflexum,Lamiaceae
clerodendrum disparifolium,Lamiaceae
clerodendrum inerme,Lamiaceae
clerodendrum myrmecophilum,Lamiaceae
clerodendrum nutans,Lamiaceae
clerodendrum phyllomega,Lamiaceae
clerodendrum speciosissimum,Lamiaceae
clerodendrum villosum,Lamiaceae
cnestis palala,Connaraceae
cocculus orbiculatus,Menispermaceae
codonoboea crinita,Gesneriaceae
codonoboea puncticulata,Gesneriaceae
coelogyne mayeriana,Orchidaceae
coelogyne rochussenii,Orchidaceae
coelogyne septemcostata,Orchidaceae
coelogyne testacea,Orchidaceae
coelogyne tomentosa,Orchidaceae
coelospermum truncatum,Rubiaceae
coelostegia griffithii,Malvaceae
colubrina asiatica,Rhamnaceae
combretum sundaicum,Combretaceae
combretum tetralophum,Combretaceae
commelina attenuata,Commelinaceae
commersonia bartramia,Malvaceae
connarus ferrugineus,Connaraceae
connarus grandis,Connaraceae
connarus monocarpus subsp. malayensis,Connaraceae
connarus planchonianus,Connaraceae
connarus semidecandrus,Connaraceae
coptosapelta flavescens,Rubiaceae
coptosapelta griffithii,Rubiaceae
coptosapelta parviflora,Rubiaceae
cordia dichotoma,Boraginaceae
cordia subcordata,Boraginaceae
cordiglottis filiformis,Orchidaceae
corymborkis veratrifolia,Orchidaceae
coscinium fenestratum,Menispermaceae
cotylelobium lanceolatum,Dipterocarpaceae
cotylelobium melanoxylon,Dipterocarpaceae
cratoxylum arborescens,Hypericaceae
cratoxylum cochinchinense,Hypericaceae
cratoxylum formosum,Hypericaceae
cratoxylum maingayi,Hypericaceae
crepidium micranthum,Orchidaceae
crepidomanes christii,Hymenophyllaceae
crepidomanes humile,Hymenophyllaceae
crepidomanes minutum,Hymenophyllaceae
crepidomanes pallidum,Hymenophyllaceae
crinum asiaticum,Amaryllidaceae
croton argyratus,Euphorbiaceae
croton caudatus,Euphorbiaceae
croton griffithii,Euphorbiaceae
croton heterocarpus,Euphorbiaceae
croton oblongus,Euphorbiaceae
crypteronia griffithii,Crypteroniaceae
cryptocarya caesia,Lauraceae
cryptocarya ferrea,Lauraceae
cryptocarya griffithiana,Lauraceae
cryptocarya impressa,Lauraceae
cryptocarya kurzii,Lauraceae
cryptocarya nitens,Lauraceae
cryptocarya rugulosa,Lauraceae
cryptocoryne ciliata,Araceae
cryptocoryne griffithii,Araceae
cryptostylis arachnites,Orchidaceae
ctenolophon parvifolius,Ctenolophonaceae
ctenopterella blechnoides,Polypodiaceae
cyathea contaminans,Cyatheaceae
cyathea glabra,Cyatheaceae
cyathea latebrosa,Cyatheaceae
cyathea squamulata,Cyatheaceae
cyathea trichodesma,Cyatheaceae
cyathocalyx ramuliflorus,Annonaceae
cyathocalyx ridleyi,Annonaceae
cyathocalyx sumatranus,Annonaceae
cyathostemma viridiflorum,Annonaceae
cyathula prostrata,Amaranthaceae
cycas edentata,Cycadaceae
cyclea laxiflora,Menispermaceae
cyclosorus interruptus,Thelypteridaceae
cymbidium bicolor subsp. pubescens,Orchidaceae
cymbidium finlaysonianum,Orchidaceae
cymodocea rotundata,Cymodoceaceae
cymodocea serrulata,Cymodoceaceae
cynanchum ovalifolium,Apocynaceae
cynodon dactylon,Poaceae
cynometra ramiflora,Fabaceae
cyperus compactus,Cyperaceae
cyperus digitatus,Cyperaceae
cyperus dubius,Cyperaceae
cyperus javanicus,Cyperaceae
cyperus malaccensis,Cyperaceae
cyperus procerus,Cyperaceae
cyperus radians,Cyperaceae
cyperus stoloniferus,Cyperaceae
cyperus tenuiculmis,Cyperaceae
cyrtandra pendula,Gesneriaceae
cyrtococcum patens var. latifolium,Poaceae
cyrtosperma merkusii,Araceae
cyrtostachys renda,Arecaceae
cystorchis variegata,Orchidaceae
dacryodes costata,Burseraceae
dacryodes incurvata,Burseraceae
dacryodes laxa,Burseraceae
dacryodes longifolia,Burseraceae
dacryodes puberula,Burseraceae
dacryodes rostrata,Burseraceae
dacryodes rugosa,Burseraceae
dactyloctenium aegyptium,Poaceae
daemonorops angustifolia,Arecaceae
daemonorops didymophylla,Arecaceae
daemonorops geniculata,Arecaceae
daemonorops grandis,Arecaceae
daemonorops hirsuta,Arecaceae
daemonorops kunstleri,Arecaceae
daemonorops leptopus,Arecaceae
daemonorops lewisiana,Arecaceae
daemonorops longipes,Arecaceae
daemonorops micracantha,Arecaceae
daemonorops periacantha,Arecaceae
daemonorops sabut,Arecaceae
dalbergia candenatensis,Fabaceae
dalbergia havilandii,Fabaceae
dalbergia hullettii,Fabaceae
dalbergia junghuhnii,Fabaceae
dalbergia parviflora,Fabaceae
dalbergia rostrata,Fabaceae
dalbergia velutina,Fabaceae
dapania racemosa,Oxalidaceae
daphniphyllum laurinum,Daphniphyllaceae
davallia angustata,Davalliaceae
davallia denticulata,Davalliaceae
davallia heterophylla,Davalliaceae
davallia parvula,Davalliaceae
davallia pectinata,Davalliaceae
davallia repens,Davalliaceae
davallia solida,Davalliaceae
davallia triphylla,Davalliaceae
decaspermum fruticosum,Myrtaceae
dehaasia incrassata,Lauraceae
dendrobium acerosum,Orchidaceae
dendrobium acutilingue,Orchidaceae
dendrobium aloifolium,Orchidaceae
dendrobium bancanum,Orchidaceae
dendrobium bifarium,Orchidaceae
dendrobium comatum,Orchidaceae
dendrobium crumenatum,Orchidaceae
dendrobium flexile,Orchidaceae
dendrobium fugax,Orchidaceae
dendrobium grande,Orchidaceae
dendrobium hendersonii,Orchidaceae
dendrobium indivisum,Orchidaceae
dendrobium indragiriense,Orchidaceae
dendrobium laciniosum,Orchidaceae
dendrobium lamellatum,Orchidaceae
dendrobium leonis,Orchidaceae
dendrobium lobatum,Orchidaceae
dendrobium lobbii,Orchidaceae
dendrobium microglaphys,Orchidaceae
dendrobium pachyphyllum,Orchidaceae
dendrobium pandaneti,Orchidaceae
dendrobium pensile,Orchidaceae
dendrobium planibulbe,Orchidaceae
dendrobium plicatile,Orchidaceae
dendrobium prostratum,Orchidaceae
dendrobium pulchellum,Orchidaceae
dendrobium revolutum,Orchidaceae
dendrobium salaccense,Orchidaceae
dendrobium secundum,Orchidaceae
dendrobium setifolium,Orchidaceae
dendrobium singaporense,Orchidaceae
dendrobium spurium,Orchidaceae
dendrobium stuposum,Orchidaceae
dendrobium subulatum,Orchidaceae
dendrobium villosulum,Orchidaceae
dendrobium xantholeucum,Orchidaceae
dendrochilum longifolium,Orchidaceae
dendrochilum pallidiflavens,Orchidaceae
dendrokingstonia nervosa,Annonaceae
dendrolobium umbellatum,Fabaceae
dendrophthoe pentandra,Loranthaceae
dendrotrophe buxifolia,Santalaceae
dendrotrophe varians,Santalaceae
deplanchea bancana,Bignoniaceae
derris maingayana,Fabaceae
derris scandens,Fabaceae
derris trifoliata,Fabaceae
desmos dasymaschalus,Annonaceae
desmos dumosus,Annonaceae
desmos dunalii,Annonaceae
dialium indum,Fabaceae
dialium platysepalum,Fabaceae
dianella ensifolia,Hemerocallidaceae
dichapetalum sordidum,Dichapetalaceae
dicranopteris curranii,Gleicheniaceae
dicranopteris linearis,Gleicheniaceae
didymocarpus platypus,Gesneriaceae
didymoplexiella ornata,Orchidaceae
didymoplexis pallens,Orchidaceae
dienia ophrydis,Orchidaceae
digitaria bicornis,Poaceae
digitaria fuscescens,Poaceae
digitaria longiflora,Poaceae
digitaria mollicoma,Poaceae
dillenia excelsa,Dilleniaceae
dillenia grandifolia,Dilleniaceae
dillenia indica,Dilleniaceae
dillenia pulchella,Dilleniaceae
dillenia suffruticosa,Dilleniaceae
dilochia wallichii,Orchidaceae
dimeria ornithopoda,Poaceae
dioscorea glabra,Dioscoreaceae
dioscorea hispida,Dioscoreaceae
dioscorea laurifolia,Dioscoreaceae
dioscorea orbiculata var. tenuifolia,Dioscoreaceae
dioscorea polyclados,Dioscoreaceae
dioscorea prainiana,Dioscoreaceae
dioscorea pyrifolia,Dioscoreaceae
dioscorea stenomeriflora,Dioscoreaceae
dioscorea tenuifolia,Dioscoreaceae
diospyros apiculata,Ebenaceae
diospyros argentea,Ebenaceae
diospyros buxifolia,Ebenaceae
diospyros confusa,Ebenaceae
diospyros coriacea,Ebenaceae
diospyros diepenhorstii,Ebenaceae
diospyros ferrea,Ebenaceae
diospyros lanceifolia,Ebenaceae
diospyros maingayi,Ebenaceae
diospyros oblonga,Ebenaceae
diospyros siamang,Ebenaceae
diospyros styraciformis,Ebenaceae
diospyros sumatrana,Ebenaceae
diospyros venosa,Ebenaceae
diplazium cordifolium,Woodsiaceae
diplazium crenato-serratum,Woodsiaceae
diplazium esculentum,Woodsiaceae
diplazium kunstleri,Woodsiaceae
diplazium malaccense,Woodsiaceae
diplazium prescottianum,Woodsiaceae
diplazium riparium,Woodsiaceae
diplazium sorzogonense,Woodsiaceae
diplazium tomentosum,Woodsiaceae
diplectria divaricata,Melastomataceae
diplectria stipularis,Melastomataceae
diplectria viminalis,Melastomataceae
diplospora malaccensis,Rubiaceae
dipodium paludosum,Orchidaceae
dipodium scandens,Orchidaceae
dipteris conjugata,Dipteridaceae
dipterocarpus caudatus subsp. penangianus,Dipterocarpaceae
dipterocarpus chartaceus,Dipterocarpaceae
dipterocarpus cornutus,Dipterocarpaceae
dipterocarpus costulatus,Dipterocarpaceae
dipterocarpus elongatus,Dipterocarpaceae
dipterocarpus gracilis,Dipterocarpaceae
dipterocarpus grandiflorus,Dipterocarpaceae
dipterocarpus kerrii,Dipterocarpaceae
dipterocarpus kunstleri,Dipterocarpaceae
dipterocarpus palembanicus,Dipterocarpaceae
dipterocarpus sublamellatus,Dipterocarpaceae
dipterocarpus tempehes,Dipterocarpaceae
dischidia acutifolia,Apocynaceae
dischidia albida,Apocynaceae
dischidia albiflora,Apocynaceae
dischidia bengalensis,Apocynaceae
dischidia cochleata,Apocynaceae
dischidia complex,Apocynaceae
dischidia hirsuta,Apocynaceae
dischidia major,Apocynaceae
dischidia nummularia,Apocynaceae
dischidia singaporensis,Apocynaceae
dissochaeta annulata,Melastomataceae
dissochaeta celebica,Melastomataceae
dissochaeta gracilis,Melastomataceae
dissochaeta pallida,Melastomataceae
dissochaeta punctulata,Melastomataceae
dolichandrone spathacea,Bignoniaceae
donax canniformis,Marantaceae
dracaena brachystachys,Ruscaceae
dracaena cantleyi,Ruscaceae
dracaena elliptica,Ruscaceae
dracaena granulata,Ruscaceae
dracaena maingayi,Ruscaceae
dracaena porteri,Ruscaceae
dracaena singapurensis,Ruscaceae
dracaena umbratica,Ruscaceae
drynaria quercifolia,Polypodiaceae
drynaria sparsisora,Polypodiaceae
drypetes crassipes,Putranjavaceae
drypetes laevis,Putranjavaceae
drypetes longifolia,Putranjavaceae
drypetes pendula,Putranjavaceae
durio griffithii,Malvaceae
durio singaporensis,Malvaceae
dyera costulata,Apocynaceae
dysoxylum acutangulum,Meliaceae
dysoxylum alliaceum,Meliaceae
dysoxylum carolinae,Meliaceae
dysoxylum cauliflorum,Meliaceae
dysoxylum cyrtobotryum,Meliaceae
dysoxylum densiflorum,Meliaceae
dysoxylum excelsum,Meliaceae
dysoxylum flavescens,Meliaceae
dysoxylum grande,Meliaceae
echinochloa picta,Poaceae
elaeocarpus acmosepalus,Elaeocarpaceae
elaeocarpus ferrugineus,Elaeocarpaceae
elaeocarpus floribundus,Elaeocarpaceae
elaeocarpus griffithii,Elaeocarpaceae
elaeocarpus macrocerus,Elaeocarpaceae
elaeocarpus mastersii,Elaeocarpaceae
elaeocarpus nitidus,Elaeocarpaceae
elaeocarpus obtusus subsp. apiculatus,Elaeocarpaceae
elaeocarpus palembanicus,Elaeocarpaceae
elaeocarpus pedunculatus,Elaeocarpaceae
elaeocarpus petiolatus,Elaeocarpaceae
elaeocarpus polystachyus,Elaeocarpaceae
elaeocarpus salicifolius,Elaeocarpaceae
elaeocarpus stipularis,Elaeocarpaceae
elaphoglossum amblyphyllum,Lomariopsidaceae
eleiodoxa conferta,Arecaceae
eleocharis dulcis,Cyperaceae
eleocharis spiralis,Cyperaceae
elettariopsis curtisii,Zingiberaceae
ellipanthus tomentosus,Connaraceae
ellipeia cuneifolia,Annonaceae
elytranthe albida,Loranthaceae
elytranthe arnottiana,Loranthaceae
embelia canescens,Myrsinaceae
embelia lampanii,Myrsinaceae
embelia ribes,Myrsinaceae
endiandra maingayi,Lauraceae
endocomia canarioides,Myristicaceae
endospermum diadenum,Euphorbiaceae
engelhardtia serrata,Juglandaceae
enhalus acoroides,Hydrocharitaceae
enkleia malaccensis,Thymelaeaceae
entada rheedii,Fabaceae
entada spiralis,Fabaceae
epigynum ridleyi,Apocynaceae
epipremnum giganteum,Araceae
epipremnum pinnatum,Araceae
eragrostis atrovirens,Poaceae
eragrostis cumingii,Poaceae
eragrostis gangetica,Poaceae
eragrostis montana,Poaceae
eragrostis unioloides,Poaceae
eria javanica,Orchidaceae
eria longirepens,Orchidaceae
eria neglecta,Orchidaceae
eria nutans,Orchidaceae
eria robusta,Orchidaceae
eriachne pallescens,Poaceae
eriocaulon truncatum,Eriocaulaceae
eriocaulon wildenovianum,Eriocaulaceae
erycibe festiva,Convolvulaceae
erycibe griffithii,Convolvulaceae
erycibe leucoxyloides,Convolvulaceae
erycibe maingayi,Convolvulaceae
erycibe malaccensis,Convolvulaceae
erycibe tomentosa,Convolvulaceae
erythropalum scandens,Olacaceae
erythroxylum cuneatum,Erythroxylaceae
etlingera maingayi,Zingiberaceae
etlingera punicea,Zingiberaceae
eulophia spectabilis,Orchidaceae
euonymus javanicus,Celastraceae
euphorbia atoto,Euphorbiaceae
eurya acuminata,Pentaphylacaceae
eurycoma longifolia,Simaroubaceae
eustachys tenera,Poaceae
euthemis leucocarpa,Ochnaceae
euthemis minor,Ochnaceae
evolvulus alsinoides,Convolvulaceae
excoecaria agallocha,Euphorbiaceae
fagraea auriculata,Gentianaceae
fagraea fragrans,Gentianaceae
fagraea ridleyi,Gentianaceae
fagraea splendens,Gentianaceae
fernandoa adenophylla,Bignoniaceae
fibraurea tinctoria,Menispermaceae
ficus acamptophylla,Moraceae
ficus annulata,Moraceae
ficus apiocarpa,Moraceae
ficus aurata,Moraceae
ficus binnendijkii,Moraceae
ficus botryocarpa,Moraceae
ficus bracteata,Moraceae
ficus callophylla,Moraceae
ficus caulocarpa,Moraceae
ficus chartacea,Moraceae
ficus consociata,Moraceae
ficus crassiramea,Moraceae
ficus delosyce,Moraceae
ficus deltoidea,Moraceae
ficus dubia,Moraceae
ficus excavata,Moraceae
ficus fistulosa,Moraceae
ficus glandulifera,Moraceae
ficus globosa,Moraceae
ficus grossularioides,Moraceae
ficus heteropleura,Moraceae
ficus kerkhovenii,Moraceae
ficus laevis,Moraceae
ficus lamponga,Moraceae
ficus microcarpa,Moraceae
ficus microsyce,Moraceae
ficus obscura var. borneensis,Moraceae
ficus pallescens,Moraceae
ficus pellucidopunctata,Moraceae
ficus pisocarpa,Moraceae
ficus punctata,Moraceae
ficus recurva var. ribesioides,Moraceae
ficus retusa,Moraceae
ficus sagittata,Moraceae
ficus schwarzii,Moraceae
ficus scortechinii,Moraceae
ficus sinuata,Moraceae
ficus spathulifolia,Moraceae
ficus subgelderi,Moraceae
ficus sumatrana,Moraceae
ficus sundaica,Moraceae
ficus superba,Moraceae
ficus trichocarpa,Moraceae
ficus variegata,Moraceae
ficus vasculosa,Moraceae
ficus villosa,Moraceae
ficus virens,Moraceae
ficus xylophylla,Moraceae
fimbristylis complanata,Cyperaceae
fimbristylis cymosa,Cyperaceae
fimbristylis dura,Cyperaceae
fimbristylis ferruginea,Cyperaceae
fimbristylis leptoclada,Cyperaceae
fimbristylis nutans,Cyperaceae
fimbristylis pauciflora,Cyperaceae
fimbristylis polytrichoides,Cyperaceae
finlaysonia obovata,Apocynaceae
fissistigma fulgens,Annonaceae
fissistigma lanuginosum,Annonaceae
fissistigma latifolium var. ovoideum,Annonaceae
fissistigma manubriatum,Annonaceae
flacourtia rukam,Salicaceae
flagellaria indica,Flagellariaceae
floscopa scandens,Commelinaceae
freycinetia angustifolia,Pandanaceae
freycinetia confusa,Pandanaceae
freycinetia corneri,Pandanaceae
freycinetia javanica,Pandanaceae
freycinetia sumatrana,Pandanaceae
friesodielsia biglandulosa,Annonaceae
friesodielsia borneensis,Annonaceae
friesodielsia excisa,Annonaceae
friesodielsia glauca,Annonaceae
friesodielsia latifolia,Annonaceae
gaertnera grisea,Rubiaceae
gaertnera obesa,Rubiaceae
gaertnera vaginans,Rubiaceae
gaertnera viminea,Rubiaceae
gahnia tristis,Cyperaceae
galearia fulva,Pandaceae
galearia maingayi,Pandaceae
galeola nudifolia,Orchidaceae
garcinia atroviridis,Clusiaceae
garcinia bancana,Clusiaceae
garcinia forbesii,Clusiaceae
garcinia griffithii,Clusiaceae
garcinia hombroniana,Clusiaceae
garcinia maingayi,Clusiaceae
garcinia nervosa,Clusiaceae
garcinia nigrolineata,Clusiaceae
garcinia parvifolia,Clusiaceae
garcinia rostrata,Clusiaceae
garcinia scortechinii,Clusiaceae
gardenia griffithii,Rubiaceae
gardenia subcarinata,Rubiaceae
gardenia tubifera,Rubiaceae
gastrodia javanica,Orchidaceae
genianthus maingayi,Apocynaceae
geophila pilosa,Rubiaceae
geophila repens,Rubiaceae
gironniera nervosa,Cannabaceae
gironniera parvifolia,Cannabaceae
gironniera subaequalis,Cannabaceae
gleichenia truncata,Gleicheniaceae
globba leucantha,Zingiberaceae
globba pendula,Zingiberaceae
glochidion borneense,Phyllanthaceae
glochidion glomerulatum,Phyllanthaceae
glochidion kunstlerianum,Phyllanthaceae
glochidion littorale,Phyllanthaceae
glochidion lutescens,Phyllanthaceae
glochidion obscurum,Phyllanthaceae
glochidion rubrum,Phyllanthaceae
glochidion sericeum,Phyllanthaceae
glochidion singaporense,Phyllanthaceae
glochidion superbum,Phyllanthaceae
glochidion zeylanicum var. arborescens,Phyllanthaceae
gluta wallichii,Anacardiaceae
glycosmis chlorosperma,Rutaceae
glyptopetalum quadrangulare,Celastraceae
gmelina asiatica,Lamiaceae
gmelina elliptica,Lamiaceae
gmelina philippensis,Lamiaceae
gnetum gnemon,Gnetaceae
gnetum gnemonoides,Gnetaceae
gnetum latifolium var. funiculare,Gnetaceae
gnetum macrostachyum,Gnetaceae
gnetum microcarpum,Gnetaceae
gomphandra quadrifida var. ovalifolia,Stemonuraceae
goniophlebium percussum,Polypodiaceae
goniothalamus macrophyllus,Annonaceae
goniothalamus malayanus,Annonaceae
goniothalamus ridleyi,Annonaceae
goniothalamus tapis,Annonaceae
gonocaryum gracile,Cardiopteridaceae
gonystylus affinis,Thymelaeaceae
gonystylus confusus,Thymelaeaceae
gonystylus maingayi,Thymelaeaceae
gordonia multinervis,Theaceae
gordonia penangensis,Theaceae
gordonia singaporeana,Theaceae
grammatophyllum speciosum,Orchidaceae
grenacheria amentacea,Myrsinaceae
grenacheria fulva,Myrsinaceae
grewia laevigata,Malvaceae
guettarda speciosa,Rubiaceae
guioa pleuropteris,Sapindaceae
guioa pubescens,Sapindaceae
gymnacranthera bancana,Myristicaceae
gymnacranthera farquhariana,Myristicaceae
gymnacranthera forbesii,Myristicaceae
gymnanthera oblonga,Apocynaceae
gymnosiphon aphyllus,Burmanniaceae
gynochthodes coriacea,Rubiaceae
gynochthodes sublanceolata,Rubiaceae
gynotroches axillaris,Rhizophoraceae
gynura procumbens,Asteraceae
habenaria rhodocheila,Orchidaceae
hackelochloa granularis,Poaceae
halodule pinifolia,Cymodoceaceae
halodule uninervis,Cymodoceaceae
halophila beccarii,Hydrocharitaceae
halophila decipiens,Hydrocharitaceae
halophila minor,Hydrocharitaceae
halophila ovalis,Hydrocharitaceae
halophila spinulosa,Hydrocharitaceae
hancea penangensis,Euphorbiaceae
hedyotis auricularia,Rubiaceae
hedyotis capitellata,Rubiaceae
hedyotis pinifolia,Rubiaceae
helicia excelsa,Proteaceae
helixanthera coccinea,Loranthaceae
heritiera borneensis,Malvaceae
heritiera elata,Malvaceae
heritiera littoralis,Malvaceae
heritiera simplicifolia,Malvaceae
hernandia nymphaeifolia,Hernandiaceae
hetaeria nitida,Orchidaceae
hetaeria obliqua,Orchidaceae
heterogonium sagenioides,Dryopteridaceae
heteropogon contortus,Poaceae
hiptage sericea,Malpighiaceae
histiopteris incisa,Dennstaedtiaceae
homalium grandiflorum,Salicaceae
homalomena deltoidea,Araceae
homalomena griffithii,Araceae
homalomena humilis var. pumila,Araceae
homalomena pendula,Araceae
homalomena rostrata,Araceae
hopea dryobalanoides,Dipterocarpaceae
hopea ferruginea,Dipterocarpaceae
hopea griffithii,Dipterocarpaceae
hopea mengarawan,Dipterocarpaceae
hopea sangal,Dipterocarpaceae
hornstedtia conica,Zingiberaceae
hornstedtia leonurus,Zingiberaceae
hornstedtia scyphifera,Zingiberaceae
horsfieldia brachiata,Myristicaceae
horsfieldia crassifolia,Myristicaceae
horsfieldia grandis,Myristicaceae
horsfieldia irya,Myristicaceae
horsfieldia polyspherula,Myristicaceae
horsfieldia punctatifolia,Myristicaceae
horsfieldia sucosa,Myristicaceae
horsfieldia superba,Myristicaceae
horsfieldia wallichii,Myristicaceae
hoya caudata,Apocynaceae
hoya coriacea,Apocynaceae
hoya coronaria,Apocynaceae
hoya diversifolia,Apocynaceae
hoya finlaysonii,Apocynaceae
hoya lacunosa,Apocynaceae
hoya latifolia,Apocynaceae
hoya obtusifolia,Apocynaceae
hoya revoluta,Apocynaceae
hoya scortechinii,Apocynaceae
hoya verticillata,Apocynaceae
hoya wallichii,Apocynaceae
hullettia dumosa,Moraceae
huperzia carinata,Lypopodiaceae
huperzia nummulariifolia,Lypopodiaceae
huperzia phlegmaria,Lypopodiaceae
huperzia squarrosa,Lypopodiaceae
hydnophytum formicarum,Rubiaceae
hydrocotyle sibthorpioides,Araliaceae
hydrostemma kunstleri,Nymphaeaceae
hylophila mollis,Orchidaceae
hymenachne amplexicaulis,Poaceae
hymenophyllum acanthoides,Hymenophyllaceae
hymenophyllum denticulatum,Hymenophyllaceae
hymenophyllum polyanthos,Hymenophyllaceae
hymenophyllum serrulatum,Hymenophyllaceae
hypobathrum coniferum,Rubiaceae
hypolytrum nemorum var. proliferum,Cyperaceae
hypserpa nitida,Menispermaceae
iguanura geonomiformis,Arecaceae
ilex cymosa,Aquifoliaceae
ilex latifolia,Aquifoliaceae
ilex maingayi,Aquifoliaceae
illigera trifoliata,Hernandiaceae
imperata conferta,Poaceae
indigofera zollingeriana,Fabaceae
indorouchera griffithiana,Linaceae
intsia bijuga,Fabaceae
intsia palembanica,Fabaceae
iodes cirrhosa,Icacinaceae
iodes ovalis,Icacinaceae
iodes velutina,Icacinaceae
ipomoea littoralis,Convolvulaceae
ipomoea marginata,Convolvulaceae
ipomoea mauritiana,Convolvulaceae
ipomoea obscura,Convolvulaceae
ipomoea pes-caprae,Convolvulaceae
ipomoea pes-tigridis,Convolvulaceae
ipomoea violacea,Convolvulaceae
irvingia malayana,Irvingiaceae
isachne kunthiana,Poaceae
isachne minutula,Poaceae
ischaemum magnum,Poaceae
ischaemum muticum,Poaceae
ixonanthes icosandra,Ixonanthaceae
ixonanthes reticulata,Ixonanthaceae
ixora concinna,Rubiaceae
ixora congesta,Rubiaceae
ixora grandifolia,Rubiaceae
ixora lobbii,Rubiaceae
ixora pendula,Rubiaceae
ixora umbellata,Rubiaceae
jackiopsis ornata,Rubiaceae
jasminum elongatum,Oleaceae
jasminum griffithii,Oleaceae
jasminum longipetalum,Oleaceae
justicia quadrifaria,Acanthaceae
justicia vasculosa,Acanthaceae
kadsura scandens,Schisandraceae
kandelia candel,Rhizophoraceae
kibara coriacea,Monimiaceae
kibatalia maingayi,Apocynaceae
kleinhovia hospita,Malvaceae
knema communis,Myristicaceae
knema conferta,Myristicaceae
knema curtisii,Myristicaceae
knema furfuracea,Myristicaceae
knema glaucescens,Myristicaceae
knema globularia,Myristicaceae
knema hookeriana,Myristicaceae
knema intermedia,Myristicaceae
knema latericia,Myristicaceae
knema laurina,Myristicaceae
knema malayana,Myristicaceae
knema rubens,Myristicaceae
koilodepas longifolium,Euphorbiaceae
kokoona reflexa,Celastraceae
koompassia malaccensis,Fabaceae
kopsia singapurensis,Apocynaceae
korthalsia echinometra,Arecaceae
korthalsia flagellaris,Arecaceae
korthalsia laciniosa,Arecaceae
korthalsia rigida,Arecaceae
korthalsia rostrata,Arecaceae
korthalsia scortechinii,Arecaceae
kunstleria ridleyi,Fabaceae
labisia pumila,Myrsinaceae
lasia spinosa,Araceae
lasianthus appressus,Rubiaceae
lasianthus attenuatus,Rubiaceae
lasianthus constrictus,Rubiaceae
lasianthus cyanocarpus,Rubiaceae
lasianthus ellipticus,Rubiaceae
lasianthus griffithii,Rubiaceae
lasianthus maingayi,Rubiaceae
lasianthus perakensis,Rubiaceae
lasianthus ridleyi,Rubiaceae
lasianthus stipularis,Rubiaceae
lasianthus tomentosus,Rubiaceae
lecananthus erubescens,Rubiaceae
lecanopteris crustacea,Polypodiaceae
lecanopteris sinuosa,Polypodiaceae
lecanorchis malaccensis,Orchidaceae
leea aequata,Vitaceae
leea angulata,Vitaceae
leea indica,Vitaceae
leea rubra,Vitaceae
lemna tenera,Araceae
lepionurus sylvestris,Opiliaceae
lepironia articulata,Cyperaceae
lepisanthes fruticosa,Sapindaceae
lepisanthes rubiginosa,Sapindaceae
lepisanthes senegalensis,Sapindaceae
lepisorus longifolius,Polypodiaceae
lepturus repens,Poaceae
leuconotis griffithii,Apocynaceae
licania splendens,Chrysobalanaceae
licuala ferruginea,Arecaceae
licuala spinosa,Arecaceae
licuala triphylla,Arecaceae
lijndenia laurina,Melastomataceae
limacia oblonga,Menispermaceae
limacia scandens,Menispermaceae
lindera lucida,Lauraceae
lindernia anagallis,Linderniaceae
lindsaea borneensis,Dennstaedtiaceae
lindsaea cultrata,Dennstaedtiaceae
lindsaea divergens,Dennstaedtiaceae
lindsaea doryphora,Dennstaedtiaceae
lindsaea ensifolia,Dennstaedtiaceae
lindsaea orbiculata,Dennstaedtiaceae
lindsaea parallelogramma,Dennstaedtiaceae
lindsaea parasitica,Dennstaedtiaceae
lindsaea repens var. pectinata,Dennstaedtiaceae
lindsaea walkerae,Dennstaedtiaceae
linostoma pauciflorum,Thymelaeaceae
liparis barbata,Orchidaceae
liparis elegans,Orchidaceae
liparis ferruginea,Orchidaceae
liparis tricallosa,Orchidaceae
lipocarpha chinensis,Cyperaceae
lithocarpus bennettii,Fagaceae
lithocarpus cantleyanus,Fagaceae
lithocarpus conocarpus,Fagaceae
lithocarpus elegans,Fagaceae
lithocarpus encleisocarpus,Fagaceae
lithocarpus ewyckii,Fagaceae
lithocarpus hystrix,Fagaceae
lithocarpus lucidus,Fagaceae
lithocarpus sundaicus,Fagaceae
lithocarpus wallichianus,Fagaceae
litsea accedens,Lauraceae
litsea castanea,Lauraceae
litsea cordata,Lauraceae
litsea costalis,Lauraceae
litsea costata,Lauraceae
litsea elliptica,Lauraceae
litsea erectinervia,Lauraceae
litsea ferruginea,Lauraceae
litsea firma,Lauraceae
litsea gracilipes,Lauraceae
litsea grandis,Lauraceae
litsea lanceolata,Lauraceae
litsea lancifolia,Lauraceae
litsea machilifolia,Lauraceae
litsea myristicifolia,Lauraceae
litsea resinosa,Lauraceae
litsea umbellata,Lauraceae
lobelia zeylanica,Campanulaceae
loeseneriella macrantha,Celastraceae
lomariopsis lineata,Lomariopsidaceae
lophatherum gracile,Poaceae
lophopetalum multinervium,Celastraceae
lophopetalum pallidum,Celastraceae
lophopetalum wightianum,Celastraceae
lumnitzera littorea,Combretaceae
lumnitzera racemosa,Combretaceae
luvunga crassifolia,Rutaceae
lycopodiella cernua,Lycopodiaceae
lygodium flexuosum,Schizaeaceae
lygodium longifolium,Schizaeaceae
lygodium microphyllum,Schizaeaceae
lygodium salicifolium,Schizaeaceae
macaranga bancana,Euphorbiaceae
macaranga conifera,Euphorbiaceae
macaranga gigantea,Euphorbiaceae
macaranga griffithiana,Euphorbiaceae
macaranga heynei,Euphorbiaceae
macaranga hullettii,Euphorbiaceae
macaranga hypoleuca,Euphorbiaceae
macaranga lowii,Euphorbiaceae
macaranga puncticulata,Euphorbiaceae
macaranga recurvata,Euphorbiaceae
macaranga trichocarpa,Euphorbiaceae
machaerina rubiginosa,Cyperaceae
maclurodendron porteri,Rutaceae
macodes petola,Orchidaceae
macrolenes echinulata,Melastomataceae
macrosolen cochinchinensis,Loranthaceae
macrosolen papillosus,Loranthaceae
macrosolen retusus,Loranthaceae
madhuca decipiens,Sapotaceae
madhuca kingiana,Sapotaceae
madhuca korthalsii,Sapotaceae
madhuca malaccensis,Sapotaceae
madhuca motleyana,Sapotaceae
madhuca sericea,Sapotaceae
madhuca sessilis,Sapotaceae
maesa ramentacea,Maesaceae
magnolia elegans,Magnoliaceae
magnolia maingayi,Magnoliaceae
magnolia singapurensis,Magnoliaceae
magnolia villosa,Magnoliaceae
mallotus macrostachyus,Euphorbiaceae
mallotus paniculatus,Euphorbiaceae
mangifera caesia,Anacardiaceae
mangifera foetida,Anacardiaceae
mangifera gracilipes,Anacardiaceae
mangifera griffithii,Anacardiaceae
mangifera lagenifera,Anacardiaceae
mangifera magnifica,Anacardiaceae
mangifera odorata,Anacardiaceae
mangifera paludosa,Anacardiaceae
mangifera quadrifida,Anacardiaceae
mangifera subsessilifolia,Anacardiaceae
mapania bancana,Cyperaceae
mapania cuspidata,Cyperaceae
mapania enodis,Cyperaceae
mapania kurzii,Cyperaceae
mapania longiflora,Cyperaceae
mapania lorea,Cyperaceae
mapania palustris,Cyperaceae
mapania squamata,Cyperaceae
mapania wallichii,Cyperaceae
maranthes corymbosa,Chrysobalanaceae
margaritaria indica,Phyllanthaceae
marsdenia maingayi,Apocynaceae
mastixia pentandra,Nyssaceae
mastixia trichotoma var. maingayi,Nyssaceae
matthaea sancta,Monimiaceae
maytenus emarginata,Celastraceae
medinilla crassifolia,Melastomataceae
megistostigma glabratum,Euphorbiaceae
meiogyne virgata,Annonaceae
melaleuca cajuputi,Myrtaceae
melanochyla angustifolia,Anacardiaceae
melanochyla auriculata,Anacardiaceae
melanochyla bracteata,Anacardiaceae
melanochyla caesia,Anacardiaceae
melastoma malabathricum,Melastomataceae
melicope glabra,Rutaceae
melicope hookeri,Rutaceae
melicope latifolia,Rutaceae
melicope lunu-ankenda,Rutaceae
meliosma lanceolata,Sabiaceae
meliosma pinnata,Sabiaceae
meliosma simplicifolia,Sabiaceae
melodinus orientalis,Apocynaceae
memecylon acuminatum,Melastomataceae
memecylon amplexicaule,Melastomataceae
memecylon caeruleum,Melastomataceae
memecylon campanulatum,Melastomataceae
memecylon cantleyi,Melastomataceae
memecylon edule,Melastomataceae
memecylon excelsum,Melastomataceae
memecylon floridum,Melastomataceae
memecylon fruticosum,Melastomataceae
memecylon garcinioides,Melastomataceae
memecylon globosum,Melastomataceae
memecylon lancifolium,Melastomataceae
memecylon lilacinum,Melastomataceae
memecylon minutiflorum,Melastomataceae
memecylon oleifolium,Melastomataceae
memecylon ovatum,Melastomataceae
memecylon paniculatum,Melastomataceae
memecylon pseudomegacarpum,Melastomataceae
memecylon pubescens,Melastomataceae
merope angulata,Rutaceae
merremia hederacea,Convolvulaceae
mesophlebion chlamydophorum,Thelypteridaceae
mesophlebion crassifolium,Thelypteridaceae
mesophlebion motleyanum,Thelypteridaceae
mesua elegans,Clusiaceae
mezzettia parviflora,Annonaceae
micrechites serpyllifolius,Apocynaceae
micrococca mercurialis,Euphorbiaceae
microcos blattaefolia,Malvaceae
microcos globulifera,Malvaceae
microcos hirsuta,Malvaceae
microdesmis caseariifolia,Pandaceae
microlepia speluncae,Dennstaedtiaceae
micropera fuscolutea,Orchidaceae
microsaccus griffithii,Orchidaceae
microsaccus javensis,Orchidaceae
microsorum punctatum,Polypodiaceae
miliusa longipes,Annonaceae
millettia xylocarpia,Fabaceae
mischocarpus pentapetalus,Sapindaceae
mischocarpus sundaicus,Sapindaceae
mitrella kentii,Annonaceae
mitrephora teysmannii,Annonaceae
mnesithea glandulosa,Poaceae
molineria capitulata,Hypoxidaceae
molineria latifolia,Hypoxidaceae
monocarpia marginalis,Annonaceae
monogramma dareicarpa,Vittariaceae
monoon borneense,Annonaceae
morella esculenta,Myricaceae
morinda citrifolia,Rubiaceae
morinda ridleyi,Rubiaceae
morinda rigida,Rubiaceae
morinda umbellata,Rubiaceae
mucuna acuminata,Fabaceae
mucuna gigantea,Fabaceae
murdannia vaginata,Commelinaceae
mussaenda glabra,Rubiaceae
mussaendopsis beccariana,Rubiaceae
mycaranthes obliqua,Orchidaceae
mycaranthes pannea,Orchidaceae
mycetia malayana,Rubiaceae
myrialepis paradoxa,Arecaceae
myristica cinnamomea,Myristicaceae
myristica crassa,Myristicaceae
myristica elliptica,Myristicaceae
myristica iners,Myristicaceae
myristica lowiana,Myristicaceae
myristica maingayi,Myristicaceae
myristica maxima,Myristicaceae
myrmecodia tuberosa,Rubiaceae
nageia wallichiana,Podocarpaceae
najas indica,Hydrocharitaceae
nauclea officinalis,Rubiaceae
nauclea subdita,Rubiaceae
neesia altissima,Malvaceae
neesia malayana,Malvaceae
neesia synandra,Malvaceae
nenga pumila var. pachystachya,Arecaceae
neolitsea cassia,Lauraceae
neoscortechinia kingii,Euphorbiaceae
neoscortechinia philippinensis,Euphorbiaceae
neoscortechinia sumatrensis,Euphorbiaceae
nepenthes ampullaria,Nepenthaceae
nepenthes gracilis,Nepenthaceae
nepenthes rafflesiana,Nepenthaceae
nephelaphyllum pulchrum,Orchidaceae
nephelium cuspidatum,Sapindaceae
nephelium lappaceum,Sapindaceae
nephelium laurinum,Sapindaceae
nephelium maingayi,Sapindaceae
nephelium ramboutan-ake,Sapindaceae
nephrolepis acutifolia,Oleandraceae
nephrolepis falcata,Oleandraceae
nephrolepis radicans,Oleandraceae
nervilia punctata,Orchidaceae
neuropeltis racemosa,Convolvulaceae
neuwiedia griffithii,Orchidaceae
neuwiedia singapureana,Orchidaceae
neuwiedia veratrifolia,Orchidaceae
neuwiedia zollingeri,Orchidaceae
norrisia maior,Loganiaceae
nothaphoebe umbelliflora,Lauraceae
nothocissus spicifera,Vitaceae
nothocnide mollissima,Urticaceae
nymphoides indica,Menyanthaceae
nypa fruticans,Arecaceae
oberonia ciliolata,Orchidaceae
oberonia dissitiflora,Orchidaceae
oberonia lunata,Orchidaceae
oberonia lycopodioides,Orchidaceae
oberonia stenophylla,Orchidaceae
ochanostachys amentacea,Olacaceae
ochrosia oppositifolia,Apocynaceae
ochthocharis javanica,Melastomataceae
oldenlandia affinis,Rubiaceae
oldenlandia prostrata,Rubiaceae
olea brachiata,Oleaceae
oncosperma horridum,Arecaceae
oncosperma tigillarium,Arecaceae
ophioglossum nudicaule,Ophioglossaceae
ophioglossum pendulum,Ophioglossaceae
ophioglossum reticulatum,Ophioglossaceae
ophiorrhiza singaporensis,Rubiaceae
orania sylvicola,Arecaceae
ormocarpum cochinchinense,Fabaceae
ormosia bancana,Fabaceae
ormosia macrodisca,Fabaceae
ormosia sumatrana,Fabaceae
osmelia maingayi,Salicaceae
osmelia philippina,Salicaceae
ottochloa nodosa,Poaceae
oxyceros drupaceus,Rubiaceae
oxyceros fragrantissimus,Rubiaceae
oxyceros longiflorus,Rubiaceae
oxyceros penangianus,Rubiaceae
oxystophyllum carnosum,Orchidaceae
oxystophyllum excavatum,Orchidaceae
oxystophyllum sinuatum,Orchidaceae
pachycentria constricta,Melastomataceae
pachycentria maingayi,Melastomataceae
paederia foetida,Rubiaceae
paederia verticillata,Rubiaceae
pajanelia longifolia,Bignoniaceae
palaquium gutta,Sapotaceae
palaquium hexandrum,Sapotaceae
palaquium impressionervium,Sapotaceae
palaquium microphyllum,Sapotaceae
palaquium obovatum,Sapotaceae
palaquium oxleyanum,Sapotaceae
palaquium ridleyi,Sapotaceae
palaquium rostratum,Sapotaceae
palaquium xanthochymum,Sapotaceae
pandanus corneri,Pandanaceae
pandanus houlletii,Pandanaceae
pandanus militaris,Pandanaceae
pandanus odorifer,Pandanaceae
pandanus polycephalus,Pandanaceae
pandanus rostratus,Pandanaceae
pandanus singaporensis,Pandanaceae
pandanus yvanii,Pandanaceae
panicum luzonense,Poaceae
panicum repens,Poaceae
panicum sarmentosum,Poaceae
paracroton pendulus,Euphorbiaceae
paraderris elliptica,Fabaceae
paraderris montana,Fabaceae
parameria laevigata,Apocynaceae
parameria polyneura,Apocynaceae
paramignya scandens,Rutaceae
paranephelium macrophyllum,Sapindaceae
parartocarpus bracteatus,Moraceae
parastemon urophyllus,Chrysobalanaceae
parinari costata,Chrysobalanaceae
parinari oblongifolia,Chrysobalanaceae
parishia insignis,Anacardiaceae
parishia maingayi,Anacardiaceae
parishia paucijuga,Anacardiaceae
parkia speciosa,Fabaceae
parsonsia alboflavescens,Apocynaceae
paspalum longifolium,Poaceae
paspalum vaginatum,Poaceae
pavetta wallichiana,Rubiaceae
payena lucida,Sapotaceae
payena maingayi,Sapotaceae
payena obscura,Sapotaceae
peliosanthes teta,Ruscaceae
pellacalyx axillaris,Rhizophoraceae
pellacalyx saccardianus,Rhizophoraceae
peltophorum pterocarpum,Fabaceae
pemphis acidula,Lythraceae
pentace triptera,Malvaceae
pentaphragma ellipticum var. ellipticum,Pentaphragmataceae
peristylus lacertifer,Orchidaceae
peristylus maingayi,Orchidaceae
peronema canescens,Lamiaceae
perotis indica,Poaceae
persea declinata,Lauraceae
pertusadina eurhyncha,Rubiaceae
phaeanthus ophthalmicus,Annonaceae
phaeanthus splendens,Annonaceae
phaius tankervilleae,Orchidaceae
phalaenopsis cornu-cervi,Orchidaceae
phoebe elliptica,Lauraceae
phoebe grandis,Lauraceae
pholidocarpus kingianus,Arecaceae
phreatia plantaginifolia,Orchidaceae
phrynium hirtum,Marantaceae
phrynium parvum,Marantaceae
phyllanthus emblica,Phyllanthaceae
phymatosorus nigrescens,Polypodiaceae
phymatosorus scolopendria,Polypodiaceae
phytocrene bracteata,Icacinaceae
phytocrene oblonga,Icacinaceae
pimelodendron griffithianum,Euphorbiaceae
pinalia bractescens,Orchidaceae
pinalia floribunda,Orchidaceae
pinalia tenuiflora,Orchidaceae
pinanga disticha,Arecaceae
pinanga limosa,Arecaceae
pinanga malaiana,Arecaceae
pinanga pectinata,Arecaceae
pinanga simplicifrons,Arecaceae
piper caninum,Piperaceae
piper curtisii,Piperaceae
piper flavimarginatum,Piperaceae
piper macropiper,Piperaceae
piper maingayi,Piperaceae
piper malaccense,Piperaceae
piper malamiri,Piperaceae
piper muricatum,Piperaceae
piper pedicellosum,Piperaceae
piper porphyrophyllum,Piperaceae
piper ramipilum,Piperaceae
piper ribesioides,Piperaceae
piper ridleyi,Piperaceae
piper sarmentosum,Piperaceae
piper schizonephos,Piperaceae
pittosporum ferrugineum,Pittosporaceae
plagiostachys lateralis,Zingiberaceae
plagiostachys mucida,Zingiberaceae
planchonella linggensis,Sapotaceae
planchonia grandis,Lecythidaceae
platea latifolia,Icacinaceae
platycerium coronarium,Polypodiaceae
platycerium ridleyi,Polypodiaceae
plectocomia elongata,Arecaceae
pleocnemia conjugata,Dryopteridaceae
pleocnemia irregularis,Dryopteridaceae
pleocnemia olivacea,Dryopteridaceae
plethiandra sessiliflora,Melastomataceae
plocoglottis gigantea,Orchidaceae
plocoglottis javanica,Orchidaceae
plocoglottis lowii,Orchidaceae
ploiarium alternifolium,Bonnetiaceae
pluchea indica,Asteraceae
podocarpus polystachyus,Podocarpaceae
podochilus microphyllus,Orchidaceae
pogonanthera pulverulenta,Melastomataceae
pogonatherum crinitum,Poaceae
poikilospermum cordifolium,Urticaceae
poikilospermum suaveolens,Urticaceae
pollia secundiflora,Commelinaceae
polyalthia angustissima,Annonaceae
polyalthia cauliflora,Annonaceae
polyalthia clavigera,Annonaceae
polyalthia glauca,Annonaceae
polyalthia hookeriana,Annonaceae
polyalthia hypoleuca,Annonaceae
polyalthia jenkinsii,Annonaceae
polyalthia lateriflora,Annonaceae
polyalthia rumphii,Annonaceae
polyalthia sclerophylla,Annonaceae
polyalthia sumatrana,Annonaceae
polyosma conocarpa,Polyosmaceae
polyosma kingiana,Polyosmaceae
polyosma ridleyi,Polyosmaceae
polystachya concreta,Orchidaceae
polystichum triangulum,Dryopteridaceae
pomatocalpa diffusum,Orchidaceae
pometia pinnata,Sapindaceae
pongamia pinnata,Fabaceae
popowia fusca,Annonaceae
popowia pisocarpa,Annonaceae
popowia tomentosa,Annonaceae
porterandia anisophylla,Rubiaceae
portulaca pilosa,Portulacaceae
pothos curtisii,Araceae
pouteria maingayi,Sapotaceae
pouteria malaccensis,Sapotaceae
pouteria obovata,Sapotaceae
premna divaricata,Lamiaceae
premna serratifolia,Lamiaceae
premna trichostoma,Lamiaceae
prismatomeris glabra,Rubiaceae
prismatomeris tetrandra subsp. malayana,Rubiaceae
pronephrium menisciicarpon,Thelypteridaceae
pronephrium repandum,Thelypteridaceae
pronephrium triphyllum,Thelypteridaceae
prunus arborea,Rosaceae
prunus grisea,Rosaceae
prunus polystachya,Rosaceae
pseuderanthemum kingii,Acanthaceae
pseudoclausena chrysogyne,Meliaceae
psilotum complanatum,Psilotaceae
psilotum nudum,Psilotaceae
psychotria angulata,Rubiaceae
psychotria cantleyi,Rubiaceae
psychotria griffithii,Rubiaceae
psychotria helferiana,Rubiaceae
psychotria maingayi,Rubiaceae
psychotria malayana,Rubiaceae
psychotria ovoidea,Rubiaceae
psychotria penangensis,Rubiaceae
psychotria ridleyi,Rubiaceae
psychotria rostrata,Rubiaceae
psychotria sarmentosa,Rubiaceae
pteleocarpa lamponga,Boraginaceae
pteridium aquilinum,Dennstaedtiaceae
pteris mertensioides,Pteridaceae
pteris multifida,Pteridaceae
pteris semipinnata,Pteridaceae
pteris tripartita,Pteridaceae
pterisanthes eriopoda,Vitaceae
pterisanthes polita,Vitaceae
pternandra caerulescens,Melastomataceae
pternandra echinata,Melastomataceae
pternandra tuberculata,Melastomataceae
pteroceras pallidum,Orchidaceae
pterococcus corniculatus,Euphorbiaceae
pterocymbium tubulatum,Malvaceae
pterospermum diversifolium,Malvaceae
pterospermum javanicum,Malvaceae
pterospermum lanceifolium,Malvaceae
pterospermum sumatranum,Malvaceae
ptychopyxis caput-medusae,Euphorbiaceae
ptychopyxis costata var. oblanceolata,Euphorbiaceae
pycreus polystachyos,Cyperaceae
pycreus pumilus,Cyperaceae
pyramidanthe prismatica,Annonaceae
pyrenaria acuminata,Theaceae
pyrrosia angustata,Polypodiaceae
pyrrosia lanceolata,Polypodiaceae
pyrrosia longifolia,Polypodiaceae
pyrrosia nummulariifolia,Polypodiaceae
pyrrosia piloselloides,Polypodiaceae
quassia indica,Simaroubaceae
quercus argentata,Fagaceae
radermachera pinnata ssp. acuminata,Bignoniaceae
rapanea avenis,Myrsinaceae
rapanea porteriana,Myrsinaceae
reissantia indica,Celastraceae
remirea maritima,Cyperaceae
renanthera elongata,Orchidaceae
renanthera histrionica,Orchidaceae
rhaphidophora korthalsii,Araceae
rhaphidophora lobbii,Araceae
rhaphidophora minor,Araceae
rhaphidophora montana,Araceae
rhizophora apiculata,Rhizophoraceae
rhizophora lamarckii,Rhizophoraceae
rhizophora mucronata,Rhizophoraceae
rhizophora parviflora,Rhizophoraceae
rhizophora stylosa,Rhizophoraceae
rhodamnia cinerea,Myrtaceae
rhododendron longiflorum,Ericaceae
rhodomyrtus tomentosa,Myrtaceae
rhopaloblaste singaporensis,Arecaceae
rhynchospora malasica,Cyperaceae
rhynchospora rugosa,Cyperaceae
rhynchostylis gigantea,Orchidaceae
rinorea anguifera,Violaceae
rinorea lanceolata,Violaceae
robiquetia spathulata,Orchidaceae
rothmannia macrophylla,Rubiaceae
rourea acutipetala,Connaraceae
rourea asplenifolia,Connaraceae
rourea fulgens,Connaraceae
rourea mimosoides,Connaraceae
rourea minor,Connaraceae
rourea rugosa,Connaraceae
rubus moluccanus,Rosaceae
ryparosa hullettii,Achariaceae
ryparosa scortechinii,Achariaceae
sabia erratica,Sabiaceae
salacca affinis,Arecaceae
salacia chinensis,Celastraceae
salacia exsculpta,Celastraceae
salacia grandiflora,Celastraceae
salacia korthalsiana,Celastraceae
salacia macrophylla,Celastraceae
salacia maingayi,Celastraceae
salacia viminea,Celastraceae
sandoricum beccarianum,Meliaceae
sandoricum koetjape,Meliaceae
santiria apiculata,Burseraceae
santiria conferta,Burseraceae
santiria griffithii,Burseraceae
santiria laevigata,Burseraceae
santiria rubiginosa,Burseraceae
santiria tomentosa,Burseraceae
saprosma glomerulatum,Rubiaceae
sarcolobus globosus,Apocynaceae
sarcosperma paniculatum,Sapotaceae
sarcostoma javanica,Orchidaceae
sarcotheca griffithii,Oxalidaceae
sarcotheca laxa var. sericea,Oxalidaceae
saurauia pentapetala,Actinidiaceae
sauropus androgynus,Phyllanthaceae
sauropus bacciformis,Phyllanthaceae
scaevola taccada,Goodeniaceae
scaphium affine,Malvaceae
scaphium linearicarpum,Malvaceae
scaphium macropodum,Malvaceae
schefflera cephalotes,Araliaceae
schefflera elliptica,Araliaceae
schefflera hullettii,Araliaceae
schefflera lanceolata,Araliaceae
schefflera ridleyi,Araliaceae
schismatoglottis calyptrata,Araceae
schismatoglottis wallichii,Araceae
schizachyrium sanguineum,Poaceae
schizaea dichotoma,Schizaeaceae
schizaea digitata,Schizaeaceae
schizaea wagneri,Schizaeaceae
schizostachyum gracile,Poaceae
schizostachyum latifolium,Poaceae
schoenorchis micrantha,Orchidaceae
schoenorchis secundiflora,Orchidaceae
schradera membranacea,Rubiaceae
schradera polysperma,Rubiaceae
sciaphila maculata,Triuridaceae
sciaphila tenella,Triuridaceae
scindapsus hederaceus,Araceae
scindapsus pictus,Araceae
scirpodendron ghaeri,Cyperaceae
scleria ciliaris,Cyperaceae
scleria corymbosa,Cyperaceae
scleria poiformis,Cyperaceae
scleria purpurascens,Cyperaceae
scleria sumatrensis,Cyperaceae
scleria terrestris,Cyperaceae
scleropyrum pentandrum,Santalaceae
scolopia macrophylla,Salicaceae
scorodocarpus borneensis,Olacaceae
scrotochloa urceolata,Poaceae
scurrula ferruginea,Loranthaceae
scurrula parasitica,Loranthaceae
scyphiphora hydrophylacea,Rubiaceae
secamone elliptica,Apocynaceae
securidaca philippinensis,Polygalaceae
selaginella argentea,Selaginellaceae
selaginella ciliaris,Selaginellaceae
selaginella intermedia,Selaginellaceae
selaginella mayeri,Selaginellaceae
selaginella roxburghii,Selaginellaceae
selaginella willdenowii,Selaginellaceae
selliguea lateritia,Polypodiaceae
serianthes grandiflora,Fabaceae
sesuvium portulacastrum,Aizoaceae
setaria parviflora,Poaceae
shirakiopsis indica,Euphorbiaceae
shorea bracteolata,Dipterocarpaceae
shorea curtisii,Dipterocarpaceae
shorea gibbosa,Dipterocarpaceae
shorea gratissima,Dipterocarpaceae
shorea johorensis,Dipterocarpaceae
shorea leprosula,Dipterocarpaceae
shorea macroptera,Dipterocarpaceae
shorea ochrophloia,Dipterocarpaceae
shorea ovalis,Dipterocarpaceae
shorea parvifolia,Dipterocarpaceae
shorea pauciflora,Dipterocarpaceae
shorea platycarpa,Dipterocarpaceae
sida cordifolia,Malvaceae
sindora coriacea,Fabaceae
sindora velutina,Fabaceae
sindora wallichii,Fabaceae
sloanea javanica,Elaeocarpaceae
smilax calophylla,Smilacaceae
smilax leucophylla,Smilacaceae
smilax megacarpa,Smilacaceae
smilax myosotiflora,Smilacaceae
smilax setosa,Smilacaceae
smythea lanceata,Rhamnaceae
soejatmia ridleyi,Poaceae
sonerila heterostemon,Melastomataceae
sonerila moluccana,Melastomataceae
sonneratia alba,Lythraceae
sonneratia caseolaris,Lythraceae
sonneratia ovata,Lythraceae
sophora tomentosa,Fabaceae
spathoglottis plicata,Orchidaceae
spatholobus ferrugineus,Fabaceae
spatholobus maingayi,Fabaceae
spatholobus ridleyi,Fabaceae
sphaerocaryum malaccense,Poaceae
sphaerocoryne affinis,Annonaceae
sphaerostephanos heterocarpus,Thelypteridaceae
sphaerostephanos polycarpa,Thelypteridaceae
sphenodesme pentandra,Lamiaceae
sporobolus indicus,Poaceae
sporobolus virginicus,Poaceae
stachyphrynium latifolium,Marantaceae
staurogyne griffithiana,Acanthaceae
staurogyne kingiana,Acanthaceae
staurogyne setigera,Acanthaceae
stemonurus scorpioides,Stemonuraceae
stenochlaena palustris,Blechnaceae
stephania capitata,Menispermaceae
sterculia coccinea,Malvaceae
sterculia cordata,Malvaceae
sterculia gilva,Malvaceae
sterculia macrophylla,Malvaceae
sterculia parviflora,Malvaceae
sterculia rubiginosa,Malvaceae
stereosandra javanica,Orchidaceae
stereospermum tetragonum,Bignoniaceae
stichorkis gibbosa,Orchidaceae
stictocardia tiliifolia,Convolvulaceae
streblus elongatus,Moraceae
strobilanthes maingayi,Acanthaceae
strobilanthes palawanensis,Acanthaceae
strombosia ceylanica,Olacaceae
strombosia javanica,Olacaceae
strophanthus caudatus,Apocynaceae
strophanthus singaporianus,Apocynaceae
strychnos axillaris,Loganiaceae
strychnos ignatii,Loganiaceae
strychnos maingayi,Loganiaceae
strychnos ridleyi,Loganiaceae
styphelia malayana,Ericaceae
styrax benzoin,Styracaceae
styrax crotonoides,Styracaceae
suregada multiflora,Euphorbiaceae
swintonia schwenckii,Anacardiaceae
symplocos adenophylla,Symplocaceae
symplocos barringtoniifolia,Symplocaceae
symplocos celastrifolia,Symplocaceae
symplocos fasciculata,Symplocaceae
symplocos henschelii,Symplocaceae
symplocos lucida,Symplocaceae
symplocos odoratissima,Symplocaceae
symplocos rubiginosa,Symplocaceae
syngramma alismifolia,Adiantaceae
syngramma wallichii,Pteridaceae
syringodium isoetifolium,Cymodoceaceae
syzygium acuminatissimum,Myrtaceae
syzygium attenuatum,Myrtaceae
syzygium avene,Myrtaceae
syzygium borneense,Myrtaceae
syzygium chloranthum,Myrtaceae
syzygium cinereum,Myrtaceae
syzygium claviflorum,Myrtaceae
syzygium conglomeratum,Myrtaceae
syzygium duthieanum,Myrtaceae
syzygium fastigiatum,Myrtaceae
syzygium filiforme,Myrtaceae
syzygium flosculiferum,Myrtaceae
syzygium glabratum,Myrtaceae
syzygium glaucum,Myrtaceae
syzygium grande,Myrtaceae
syzygium griffithii,Myrtaceae
syzygium incarnatum,Myrtaceae
syzygium kunstleri,Myrtaceae
syzygium lineatum,Myrtaceae
syzygium linocieroideum,Myrtaceae
syzygium maingayi,Myrtaceae
syzygium muelleri,Myrtaceae
syzygium myrtifolium,Myrtaceae
syzygium nemestrinum,Myrtaceae
syzygium ngadimanianum,Myrtaceae
syzygium nigricans,Myrtaceae
syzygium oblatum,Myrtaceae
syzygium pachyphyllum,Myrtaceae
syzygium palembanicum,Myrtaceae
syzygium papillosum,Myrtaceae
syzygium pauper,Myrtaceae
syzygium pendens,Myrtaceae
syzygium polyanthum,Myrtaceae
syzygium pseudocrenulatum,Myrtaceae
syzygium pseudoformosum,Myrtaceae
syzygium pustulatum,Myrtaceae
syzygium pycnanthum,Myrtaceae
syzygium pyrifolium,Myrtaceae
syzygium ridleyi,Myrtaceae
syzygium rugosum,Myrtaceae
syzygium scortechinii,Myrtaceae
syzygium singaporense,Myrtaceae
syzygium subdecussatum,Myrtaceae
syzygium syzygioides,Myrtaceae
syzygium zeylanicum,Myrtaceae
tabernaemontana corymbosa,Apocynaceae
tabernaemontana pauciflora,Apocynaceae
tacca integrifolia,Dioscoreaceae
tacca leontopetaloides,Dioscoreaceae
taeniophyllum filiforme,Orchidaceae
taeniophyllum pusillum,Orchidaceae
taenitis blechnoides,Pteridaceae
taenitis interrupta,Pteridaceae
talipariti tiliaceum,Malvaceae
tapeinidium pinnatum,Dennstaedtiaceae
tarenna adpressa,Rubiaceae
tarenna costata,Rubiaceae
tarenna fragrans,Rubiaceae
tarenna mollis,Rubiaceae
tarenna odorata,Rubiaceae
tarenna ridleyi,Rubiaceae
tarenna stellulata,Rubiaceae
taxillus chinensis,Loranthaceae
tectaria angulata,Dryopteridaceae
tectaria barberi,Dryopteridaceae
tectaria grandidentata,Dryopteridaceae
tectaria griffithii var. singaporeana,Dryopteridaceae
tectaria semipinnata,Dryopteridaceae
tectaria singaporiana,Dryopteridaceae
tectaria vasta,Dryopteridaceae
teijsmanniodendron coriaceum,Lamiaceae
teijsmanniodendron pteropodum,Lamiaceae
teratophyllum aculeatum,Lomariopsidaceae
teratophyllum ludens,Lomariopsidaceae
teratophyllum rotundifoliatum,Lomariopsidaceae
terminalia catappa,Combretaceae
terminalia citrina,Combretaceae
terminalia phellocarpa,Combretaceae
terminalia subspathulata,Combretaceae
ternstroemia coriacea,Pentaphylacaceae
ternstroemia palembangensis,Pentaphylacaceae
ternstroemia penangiana,Pentaphylacaceae
ternstroemia wallichiana,Pentaphylacaceae
tetracera akara,Dilleniaceae
tetracera arborescens,Dilleniaceae
tetracera fagifolia,Dilleniaceae
tetracera indica,Dilleniaceae
tetracera macrophylla,Dilleniaceae
tetracera maingayi,Dilleniaceae
tetracera scandens,Dilleniaceae
tetrastigma curtisii,Vitaceae
tetrastigma dichotomum,Vitaceae
tetrastigma lawsoni,Vitaceae
tetrastigma rafflesiae,Vitaceae
thalassia hemprichii,Hydrocharitaceae
thelasis carinata,Orchidaceae
thelasis micrantha,Orchidaceae
thelasis pygmaea,Orchidaceae
thelypteris truncata,Thelypteridaceae
themeda villosa,Poaceae
thespesia populnea,Malvaceae
thismia aseroe,Thismiaceae
thottea grandiflora,Aristolochiaceae
thottea praetermissa,Aristolochiaceae
thrixspermum acuminatissimum,Orchidaceae
thrixspermum amplexicaule,Orchidaceae
thrixspermum calceolus,Orchidaceae
thrixspermum centipeda,Orchidaceae
thrixspermum ridleyanum,Orchidaceae
thrixspermum scopa,Orchidaceae
thrixspermum trichoglottis,Orchidaceae
thuarea involuta,Poaceae
thunbergia dasychlamys,Acanthaceae
thunbergia laurifolia,Acanthaceae
timonius finlaysonianus,Rubiaceae
timonius flavescens,Rubiaceae
timonius wallichianus,Rubiaceae
tinomiscium petiolare,Menispermaceae
tinospora macrocarpa,Menispermaceae
tournefortia tetrandra,Boraginaceae
toxocarpus griffithii,Apocynaceae
trema angustifolia,Cannabaceae
trema cannabina,Cannabaceae
trema tomentosa,Cannabaceae
trevesia burckii,Araliaceae
triadica cochinchinensis,Euphorbiaceae
trichomanes bimarginatum,Hymenophyllaceae
trichomanes mindorense,Hymenophyllaceae
trichomanes motleyi,Hymenophyllaceae
trichomanes sublimbatum,Hymenophyllaceae
trichosanthes celebica,Cucurbitaceae
trichosanthes wallichiana,Cucurbitaceae
trichosanthes wawraei,Cucurbitaceae
trichotosia gracilis,Orchidaceae
trichotosia velutina,Orchidaceae
trichotosia vestita,Orchidaceae
trigonachras acuta,Sapindaceae
trigonachras cultrata,Sapindaceae
trigoniastrum hypoleucum,Trigoniaceae
trigonostemon heteranthus,Euphorbiaceae
trigonostemon villosus,Euphorbiaceae
triomma malaccensis,Burseraceae
tristaniopsis merguensis,Myrtaceae
tristaniopsis obovata,Myrtaceae
tristaniopsis whiteana,Myrtaceae
tristellateia australasiae,Malpighiaceae
trivalvaria macrophylla,Annonaceae
tropidia curculigoides,Orchidaceae
turpinia sphaerocarpa,Staphyleaceae
tylophora flexuosa,Apocynaceae
tylophora indica,Apocynaceae
tylophora laevis,Apocynaceae
uncaria acida,Rubiaceae
uncaria attenuata,Rubiaceae
uncaria callophylla,Rubiaceae
uncaria cordata var. ferruginea,Rubiaceae
uncaria elliptica,Rubiaceae
uncaria lanosa var. glabrata,Rubiaceae
uncaria longiflora var. pteropoda,Rubiaceae
uncaria roxburghiana,Rubiaceae
urceola brachysepala,Apocynaceae
urceola elastica,Apocynaceae
urceola lucida,Apocynaceae
urceola torulosa,Apocynaceae
urophyllum arboreum,Rubiaceae
urophyllum blumeanum,Rubiaceae
urophyllum corymbosum,Rubiaceae
urophyllum griffithianum,Rubiaceae
urophyllum hirsutum,Rubiaceae
urophyllum macrophyllum,Rubiaceae
urophyllum streptopodium,Rubiaceae
utania austromalayensis,Gentianaceae
utania nervosa,Gentianaceae
utania racemosa,Gentianaceae
utania volubilis,Gentianaceae
utricularia uliginosa,Lentibulariaceae
uvaria clementis,Annonaceae
uvaria cordata,Annonaceae
uvaria curtisii,Annonaceae
uvaria grandiflora,Annonaceae
uvaria hirsuta,Annonaceae
uvaria javana,Annonaceae
uvaria leptopoda,Annonaceae
uvaria lobbiana,Annonaceae
uvaria pauci-ovulata,Annonaceae
vaccinium bracteatum,Ericaceae
vaccinium littoreum,Ericaceae
vaginularia trichoidea,Vittariaceae
vanilla griffithii,Orchidaceae
vatica maingayi,Dipterocarpaceae
vatica odorata,Dipterocarpaceae
vatica pauciflora,Dipterocarpaceae
vatica ridleyana,Dipterocarpaceae
ventilago maingayi,Rhamnaceae
ventilago malaccensis,Rhamnaceae
vernonia arborea,Asteraceae
viburnum sambucinum,Adoxaceae
vigna marina,Fabaceae
viscum articulatum,Santalaceae
viscum ovalifolium,Santalaceae
vitex longisepala,Lamiaceae
vitex negundo,Lamiaceae
vitex pinnata,Lamiaceae
vitex quinata,Lamiaceae
vitex vestita,Lamiaceae
vittaria elongata,Vittariaceae
vittaria ensiformis,Vittariaceae
vrydagzynea albida,Orchidaceae
vrydagzynea lancifolia,Orchidaceae
vrydagzynea tristriata,Orchidaceae
willughbeia angustifolia,Apocynaceae
willughbeia coriacea,Apocynaceae
willughbeia edulis,Apocynaceae
willughbeia flavescens,Apocynaceae
willughbeia tenuiflora,Apocynaceae
wollastonia biflora,Asteraceae
wrightia laevis,Apocynaceae
xanthophyllum amoenum,Polygalaceae
xanthophyllum discolor,Polygalaceae
xanthophyllum ellipticum,Polygalaceae
xanthophyllum eurhynchum,Polygalaceae
xanthophyllum flavescens,Polygalaceae
xanthophyllum griffithii,Polygalaceae
xanthophyllum kunstleri,Polygalaceae
xanthophyllum obscurum,Polygalaceae
xanthophyllum stipitatum,Polygalaceae
xanthophyllum vitellinum,Polygalaceae
xanthophyllum wrayi,Polygalaceae
xenostegia tridentata,Convolvulaceae
xerospermum laevigatum,Sapindaceae
xerospermum noronhianum,Sapindaceae
ximenia americana,Olacaceae
xylocarpus granatum,Meliaceae
xylocarpus moluccensis,Meliaceae
xylocarpus rumphii,Meliaceae
xylopia caudata,Annonaceae
xylopia ferruginea,Annonaceae
xylopia fusca,Annonaceae
xylopia magna,Annonaceae
xylopia malayana,Annonaceae
xyris pauciflora,Xyridaceae
zanthoxylum nitidum,Rutaceae
zeuxine clandestina,Orchidaceae
zeuxine gracilis,Orchidaceae
zeuxine parvifolia,Orchidaceae
zingiber griffithii,Zingiberaceae
zingiber puberulum var. chryseum,Zingiberaceae
ziziphus calophylla,Rhamnaceae
ziziphus elegans,Rhamnaceae
ziziphus horsfieldii,Rhamnaceae
zoysia matrella,Poaceae
