standard name,intrinsic redetection probability
acacia kekapur,0.15298021392209937
acanthus ebracteatus,0.999999
acanthus ilicifolius,0.5110721327566871
acanthus volubilis,0.41108287132714466
acriopsis liliifolia,0.11586336030883194
acrostichum aureum,0.38153720574956346
acrostichum speciosum,0.32387023759012135
actephila excelsa var. javanica,0.42550264119235665
actinodaphne glomerata,0.07189848547136414
actinodaphne macrophylla,0.07438532991061371
actinodaphne malaccensis,0.1202148437895466
actinodaphne pruinosa,0.16550940490407998
actinoscirpus grossus,0.03388155347542579
adenanthera malayana,0.1581087966642864
adenia macrophylla var. singaporeana,0.6951801618529917
adenosma javanicum,0.2516446991497745
adiantum flabellulatum,0.132407523923264
adiantum hispidulum,0.11966388559574509
adinandra acuminata,0.6329144370525017
adinandra dumosa,0.999999
adinandra integerrima,0.12648703733142913
aegiceras corniculatum,0.6817621440462741
aeschynanthus albidus,0.18973055599714367
aeschynanthus parvifolius,0.3162175933285728
aeschynanthus radicans,0.17379504046324792
aeschynanthus wallichii,0.319896881072132
aganope heptaphylla,0.48953668455071797
aganope thyrsiflora,0.6042503803386651
agelaea borneensis,0.6880673421755342
agelaea macrophylla,0.4344876011581198
aglaia crassinervia,0.1078477282070462
aglaia cucullata,0.3726970882296837
aglaia elliptica,0.1581087966642864
aglaia erythrosperma,0.04532048938377291
aglaia leptantha,0.35711350402423886
aglaia macrocarpa,0.05889892545204454
aglaia meliosmoides,0.12985945600881413
aglaia multinervis,0.18076270169115236
aglaia odoratissima,0.27858066436787493
aglaia palembanica,0.03923361085194517
aglaia rubiginosa,0.13552621390170316
aglaia rufinervis,0.5082233021313869
aglaia tomentosa subsp. cordata,0.03162175933285728
aglaomorpha speciosa,0.27028900338439527
aglaonema nebulosum,0.1096841199954803
aglaonema nitidum,0.25297407466285826
aglaonema simplex,0.1581087966642864
agrostistachys borneensis,0.2735374121950864
agrostistachys gaudichaudii,0.09178812835325961
agrostistachys sessilifolia,0.999999
agrostophyllum majus,0.34402123925555744
agrostophyllum stipulatum,0.12340459381442984
aidia auriculata,0.09013265406013182
aidia densiflora,0.6324351866571456
alangium javanicum,0.034822583045984366
alangium longiflorum,0.5508920063427081
alangium nobile,0.10446774913795309
alangium ridleyi,0.14899372316665366
alangium salviifolium,0.0991893139172223
alangium uniloculare,0.13552621390170316
albertisia crassa,0.5833270567135241
albizia retusa,0.10446774913795309
albizia splendens,0.3134032474138593
alchornea rugosa,0.4092669404464176
alchornea villosa,0.3162175933285728
allmania nodiflora,0.14836366058266992
allophylus cobbe,0.7649010696104968
alocasia longiloba,0.4743263899928592
alphonsea johorensis,0.14426467282864175
alphonsea maingayi,0.1078477282070462
alpinia aquatica,0.4743263899928592
alpinia conchigera,0.03796259206082332
alpinia rafflesiana,0.09486527799857183
alseodaphne bancana,0.2710524278034063
alseodaphne nigrescens,0.2032023015367373
alseodaphne oblanceolata,0.1304637406472406
alstonia angustifolia,0.6662143217757837
alstonia angustiloba,0.7592518412164664
alstonia pneumatophora,0.39385739886536014
alstonia spatulata,0.43279401848592525
alyxia reinwardtii,0.43672138634581154
amischotolype gracilis,0.1464983264979526
amischotolype mollissima,0.17379504046324792
amomum hastilabium,0.06324351866571457
amomum xanthophlebium,0.1581087966642864
ampelocissus ascendiflora,0.16232432001101765
ampelocissus elegans,0.999999
ampelocissus gracilis,0.5691916679914311
ampelocissus polystachya,0.2811263283042256
ampelocissus thyrsiflora,0.034822583045984366
amphineuron opulentum,0.38890762818617153
amydrium medium,0.19478918401322118
anacolosa frutescens,0.07189848547136414
anadendrum microstachyum,0.44270463066000193
anaxagorea javanica,0.27864134991762285
ancistrocladus tectorius,0.24476834227535899
angiopteris evecta,0.14602060935905342
anisophyllea disticha,0.7478992849734067
anisophyllea griffithii,0.2516446991497745
anisoptera costata,0.14836366058266992
anisoptera laevis,0.0724229870690569
anisoptera megistocarpa,0.6830356119779593
anodendron candolleanum,0.33553529357246603
anoectochilus geniculatus,0.27382421126398676
antiaris toxicaria,0.2064391888805333
antidesma coriaceum,0.529630095693056
antidesma cuspidatum,0.999999
antidesma neurocarpum,0.49241928131253576
antidesma velutinosum,0.24476834227535899
antrophyum callifolium,0.20328932085255474
aphanamixis polystachya,0.6098679625576643
aphyllorchis pallida,0.5476484225279735
aporosa benthamiana,0.7115126229839416
aporosa confusa,0.999999
aporosa falcifera,0.12871410029338456
aporosa frutescens,0.999999
aporosa globifera,0.22350338954620275
aporosa lucida,0.45915073890056207
aporosa lunata,0.07189848547136414
aporosa maingayi,0.47865554238298036
aporosa nervosa,0.14379697094272828
aporosa nigricans,0.2516446991497745
aporosa prainiana,0.3594924273568207
aporosa subcaudata,0.1581087966642864
aporosa symplocoides,0.2156954564140924
apostasia nuda,0.22135231533000096
appendicula cornuta,0.999999
appendicula lucida,0.2682253073063306
aquilaria hirta,0.10164466042627737
aquilaria malaccensis,0.39544167009250275
aquilaria microcarpa,0.27039796218039547
arachnis hookeriana,0.3455684423154175
aralidium pinnatifidum,0.12238417113767949
archidendron clypearia,0.9848385626250715
archidendron contortum,0.30596042784419875
archidendron ellipticum,0.48697296003305296
archidendron globosum,0.07189848547136414
archidendron jiringa,0.5793168015441598
archidendron microcarpum,0.6010742189477329
ardisia crenata,0.45894064176629806
ardisia elliptica,0.6438656650071176
ardisia purpurea,0.2156954564140924
ardisia sanguinolenta,0.6492972800440706
ardisia singaporensis,0.7764298715802743
ardisia teysmanniana,0.6119208556883975
ardisia tuberculata,0.2606925606948719
argyreia ridleyi,0.45450809603084946
artabotrys costatus,0.1898129603041166
artabotrys crassifolius,0.1518503682432933
artabotrys maingayi,0.27793330209012795
artabotrys suaveolens,0.9484773263170161
artabotrys wrayi,0.23717087432798054
arthrophyllum diversifolium,0.7965245968619725
artocarpus anisophyllus,0.28759394188545656
artocarpus elasticus,0.6289357386355039
artocarpus fulvicortex,0.20328932085255474
artocarpus gomezianus,0.19531674909368124
artocarpus hispidus,0.36412069078897596
artocarpus kemando,0.3726970882296837
artocarpus lacucha,0.55190268803746
artocarpus lanceifolius,0.4065786417051095
artocarpus lowii,0.1741129152299218
artocarpus nitidus subsp. griffithii,0.10446774913795309
artocarpus rigidus,0.31862424084928787
arundina graminifolia,0.25297407466285826
arytera littoralis,0.03594924273568207
aspidopterys concava,0.16940776737712895
asplenium batuense,0.07749107510292139
asplenium longissimum,0.31935024362535025
asplenium macrophyllum,0.460483354188706
asplenium nidus,0.40155667573739695
asplenium nitidum,0.08689752023162396
asplenium phyllitidis,0.3337963742234338
asplenium tenerum,0.05905372579059776
athyrium accedens,0.5833270567135241
austrobuxus nitidus,0.5004623218283686
avicennia alba,0.9706295538634159
avicennia marina,0.4995104232856476
avicennia officinalis,0.48697296003305296
avicennia rumphiana,0.999999
baccaurea bracteata,0.6991536867943042
baccaurea brevipes,0.10462297032367432
baccaurea macrocarpa,0.17974621367841034
baccaurea macrophylla,0.04006305155079705
baccaurea minor,0.1078477282070462
baccaurea motleyana,0.38293989247939836
baccaurea parviflora,0.7954971123949167
baccaurea polyneura,0.48751616264378106
baccaurea racemosa,0.03594924273568207
baccaurea reticulata,0.14379697094272828
baccaurea sumatrana,0.503289398299549
baratranthus axanthus,0.13337283524882743
barringtonia asiatica,0.08689752023162396
barringtonia conoidea,0.707198435536596
barringtonia racemosa,0.38957836802644236
barringtonia reticulata,0.25971891201762826
bauhinia semibifida,0.668875296787185
beilschmiedia kunstleri,0.14379697094272828
beilschmiedia madang,0.4404601951805353
benstonea affinis,0.13552621390170316
benstonea atrocarpa,0.19478918401322118
benstonea ornata,0.29218377601983175
benstonea parva,0.25297407466285826
bhesa paniculata,0.7343050268260769
bhesa robusta,0.2650451645342004
blechnum finlaysonianum,0.23838995706664587
blechnum orientale,0.5661761480332839
blechnum serrulatum,0.20003990440768254
blumea riparia,0.09117913739836214
blumeodendron tokbrai,0.6311279298951196
bolbitis appendiculata,0.23621490316239105
bolbitis heteroclita,0.999999
bolbitis sinuata,0.2681887016999766
bolbitis x singaporensis,0.4355824093742242
bouea macrophylla,0.38304841350582797
bouea oppositifolia,0.11919497853332293
brackenridgea elegantissima,0.36715251341303845
brackenridgea palustris,0.4794932737110339
breynia coronata,0.2625394213561022
breynia discigera,0.25971891201762826
breynia racemosa,0.7021162528934195
breynia vitis-idaea,0.1413610822612669
bridelia cinnamomea,0.07189848547136414
bridelia pustulata,0.4065786417051095
bridelia stipularis,0.45555110472987986
bridelia tomentosa,0.4487395709840441
bromheadia alticola,0.09486527799857183
bromheadia finlaysoniana,0.44270463066000193
bromheadia truncata,0.21111423884563488
brownlowia tersa,0.5751878837709131
brucea javanica,0.17379504046324792
bruguiera cylindrica,0.9848385626250715
bruguiera gymnorhiza,0.8260931551793366
bruguiera hainesii,0.999999
bruguiera parviflora,0.30493398127883214
bruguiera sexangula,0.2710524278034063
buchanania arborescens,0.6956787053228601
buchanania sessilifolia,0.7531118420074077
bulbophyllum acuminatum,0.386857016993753
bulbophyllum apodum,0.12648703733142913
bulbophyllum clandestinum,0.25297407466285826
bulbophyllum concinnum,0.2629103352287299
bulbophyllum flabellum-veneris,0.09486527799857183
bulbophyllum gracillimum,0.999999
bulbophyllum macranthum,0.06324351866571457
bulbophyllum macrochilum,0.29332926441728063
bulbophyllum maxillare,0.4794932737110339
bulbophyllum medusae,0.7764298715802743
bulbophyllum membranaceum,0.0882606648701077
bulbophyllum ovalifolium,0.6880424785111149
bulbophyllum patens,0.6880424785111149
bulbophyllum pulchellum,0.18973055599714367
bulbophyllum purpurascens,0.5425040033946683
bulbophyllum singaporeanum,0.12648703733142913
bulbophyllum vaginatum,0.2317267206176639
bulbophyllum vermiculare,0.999999
bulbostylis barbata,0.08887213614558956
bulbostylis puberula,0.1532926447976826
burmannia championii,0.35582987385444115
burmannia coelestis,0.3162175933285728
byttneria maingayi,0.3365564706286186
caesalpinia bonduc,0.09370877610140854
caesalpinia crista,0.7142270080484777
caesalpinia sumatrana,0.066203761961632
calamus densiflorus,0.099305642942448
calamus diepenhorstii,0.22725404801542473
calamus erinaceus,0.18973055599714367
calamus insignis,0.12985945600881413
calamus javensis,0.14379697094272828
calamus laevigatus,0.09739459200661059
calamus lobbianus,0.22135231533000096
calamus ornatus,0.03388155347542579
calamus oxleyanus,0.3246486400220353
calamus ridleyanus,0.10164466042627737
calanthe pulchra,0.2317267206176639
callerya dasyphylla,0.05889892545204454
callerya eriantha,0.2156954564140924
callicarpa longifolia,0.3039304579945405
callostylis pulchella,0.1581087966642864
calophyllum dispar,0.09013265406013182
calophyllum ferrugineum,0.6951801618529917
calophyllum inophyllum,0.7834519900305444
calophyllum lanigerum var. austrocoriaceum,0.1353435559662574
calophyllum macrocarpum,0.3069302026362954
calophyllum pulcherrimum,0.999999
calophyllum rigidum,0.10636572028163917
calophyllum rubiginosum,0.2156954564140924
calophyllum rufigemmatum,0.4673401555638669
calophyllum soulattri,0.3069302026362954
calophyllum sundaicum,0.2027608805404559
calophyllum tetrapterum,0.8845088911469918
calophyllum teysmannii,0.37946111199428734
calophyllum wallichianum var. incrassatum,0.38304841350582797
campnosperma auriculatum,0.5065786587666224
campnosperma squamatum,0.8343648497332605
campylospermum serratum,0.7531118420074077
canarium littorale,0.5710205080003463
canarium patentinervium,0.38957836802644236
canarium pilosum,0.49652821471223996
canavalia cathartica,0.5166817785907188
canavalia rosea,0.28459583399571553
cansjera rheedii,0.40753495786222993
canthium confertum,0.9802745393185757
canthium glabrum,0.3726970882296837
canthium horridum,0.1741129152299218
canthium molle,0.12985945600881413
capparis micracantha subsp. korthalsiana,0.16550940490407998
carallia brachiata,0.5919839117817342
carex cryptostachys,0.033101880980816
caryota mitis,0.3162175933285728
casearia capitellata,0.3388155347542579
casearia clarkei,0.2156954564140924
casearia lobbiana,0.6787252659793641
cassine viburnifolia,0.5085715137819167
cassytha filiformis,0.6640569459900029
castanopsis lucida,0.6119208556883975
castanopsis malaccensis,0.10446774913795309
castanopsis megacarpa,0.30493398127883214
castanopsis nephelioides,0.07189848547136414
castanopsis schefferiana,0.23536177298695388
castanopsis wallichii,0.4743263899928592
casuarina equisetifolia,0.9183014778011241
cayratia japonica,0.10446774913795309
cayratia mollissima,0.8304554742046244
cayratia novemfolia,0.22135231533000096
cayratia trifolia,0.6731129412572372
celastrus monospermoides,0.07189848547136414
centotheca lappacea,0.3218032825761506
cephalomanes javanicum,0.09739459200661059
cephalomanes obscurum,0.4634534412353278
cephalomanes singaporeanum,0.17949582839361763
cerbera manghas,0.39774855619745836
cerbera odollam,0.3365564706286186
ceriops tagal,0.6640569459900029
ceriops zippeliana,0.225539323797399
champereia manillana,0.999999
chassalia chartacea,0.31862424084928787
chassalia curviflora,0.34783935266143007
cheilanthes tenuifolia,0.10863448060358534
cheilocostus speciosus,0.19692869943268007
chionanthus ramiflorus,0.1518503682432933
chisocheton patens,0.48953668455071797
chisocheton pentandrus subsp. paucijugus,0.2691576226214761
chisocheton sarawakanus,0.08854628827793369
chloranthus erectus,0.2141722994909391
chonemorpha fragrans,0.15482939166039997
christella arida,0.1581087966642864
christella subpubescens,0.3843565312931789
chrysophyllum roxburghii,0.16550940490407998
chrysopogon aciculatus,0.4238365865226866
cinnamomum iners,0.6344628993555983
cinnamomum javanicum,0.17949582839361763
cissus hastata,0.8400093622390317
cissus nodosa,0.44270463066000193
cissus repens,0.30718219214926457
cissus rostrata,0.1741129152299218
claderia viridiflora,0.22135231533000096
claoxylon indicum,0.4065786417051095
claoxylon longifolium,0.2141722994909391
clausena excavata,0.3927627472201323
cleisostoma halophilum,0.30474010989363903
cleistanthus macrophyllus,0.2682944296932967
cleistanthus oblongifolius,0.16550940490407998
cleistanthus sumatranus,0.3267171999872933
clerodendrum deflexum,0.4055217610809118
clerodendrum disparifolium,0.999999
clerodendrum inerme,0.774767360466599
clerodendrum myrmecophilum,0.5513082547681237
clerodendrum nutans,0.04238625301596963
clerodendrum speciosissimum,0.22355159418176512
clerodendrum villosum,0.6082826416213677
cnestis palala,0.4404601951805353
cocculus orbiculatus,0.11919497853332293
coelogyne mayeriana,0.2629103352287299
coelogyne rochussenii,0.03246486400220353
coelogyne testacea,0.999999
coelospermum truncatum,0.18454566093436098
coelostegia griffithii,0.13552621390170316
colubrina asiatica,0.6662143217757837
combretum sundaicum,0.297916928827344
combretum tetralophum,0.11184509785748868
commelina attenuata,0.8346570439839058
commersonia bartramia,0.7920478330713693
connarus ferrugineus,0.1587793866877243
connarus grandis,0.12985945600881413
connarus monocarpus subsp. malayensis,0.16869542768725976
connarus planchonianus,0.26022398624974863
connarus semidecandrus,0.23932777119149018
coptosapelta flavescens,0.0724229870690569
coptosapelta griffithii,0.10863448060358534
cordia dichotoma,0.25553606637834353
corymborkis veratrifolia,0.4780977300288173
coscinium fenestratum,0.29218377601983175
cotylelobium lanceolatum,0.12985945600881413
cratoxylum arborescens,0.39774855619745836
cratoxylum cochinchinense,0.4634534412353278
cratoxylum formosum,0.6038530838027358
cratoxylum maingayi,0.6119208556883975
crepidomanes christii,0.16368090192328819
crepidomanes humile,0.4175241902853782
crepidomanes minutum,0.03594924273568207
crinum asiaticum,0.18973055599714367
croton argyratus,0.40498709213346995
croton caudatus,0.5813248129039775
croton oblongus,0.999999
crypteronia griffithii,0.36998218950860595
cryptocarya ferrea,0.4404601951805353
cryptocarya griffithiana,0.4147366353460846
cryptocarya impressa,0.08479467922341505
cryptocarya nitens,0.23616538453721853
cryptocarya rugulosa,0.19395841096073724
cryptocoryne ciliata,0.036505152339763355
cryptocoryne griffithii,0.34783935266143007
ctenolophon parvifolius,0.1304637406472406
ctenopterella blechnoides,0.36938936439309006
cyathea glabra,0.3988583058320033
cyathea latebrosa,0.3825023440766627
cyathea squamulata,0.34759008092649585
cyathocalyx ramuliflorus,0.5751878837709131
cyathocalyx ridleyi,0.3805180757358972
cyathocalyx sumatranus,0.16452617999322047
cyathostemma viridiflorum,0.49652821471223996
cyathula prostrata,0.4044600260373586
cycas edentata,0.10164466042627737
cyclea laxiflora,0.3246486400220353
cyclosorus interruptus,0.2710524278034063
cymbidium bicolor subsp. pubescens,0.066203761961632
cymbidium finlaysonianum,0.18973055599714367
cynanchum ovalifolium,0.12985945600881413
cynodon dactylon,0.33101880980815995
cynometra ramiflora,0.14379697094272828
cyperus compactus,0.07518006036607981
cyperus digitatus,0.18076270169115236
cyperus dubius,0.09178812835325961
cyperus javanicus,0.18973055599714367
cyperus malaccensis,0.07189848547136414
cyperus procerus,0.07846722170389034
cyperus radians,0.1581087966642864
cyperus stoloniferus,0.41108287132714466
cyperus tenuiculmis,0.03162175933285728
cyrtandra pendula,0.18357625670651923
cyrtococcum patens var. latifolium,0.27536438505977884
cyrtosperma merkusii,0.2625519126885453
cyrtostachys renda,0.22135231533000096
cystorchis variegata,0.1581087966642864
dacryodes costata,0.08913737789844943
dacryodes laxa,0.198611285884896
dacryodes longifolia,0.22651949218422046
dacryodes rostrata,0.4404601951805353
dacryodes rugosa,0.0676717779831287
dactyloctenium aegyptium,0.12625698567574106
daemonorops angustifolia,0.29218377601983175
daemonorops didymophylla,0.3246486400220353
daemonorops geniculata,0.08854628827793369
daemonorops grandis,0.4743263899928592
daemonorops hirsuta,0.4743263899928592
daemonorops kunstleri,0.03162175933285728
daemonorops leptopus,0.18973055599714367
daemonorops longipes,0.34783935266143007
daemonorops periacantha,0.22725404801542473
daemonorops sabut,0.132407523923264
dalbergia candenatensis,0.7151698711999376
dalbergia havilandii,0.15037612801728503
dalbergia hullettii,0.19729999509812385
dalbergia junghuhnii,0.36715251341303845
dalbergia parviflora,0.044568688949224715
dalbergia rostrata,0.34759008092649585
dalbergia velutina,0.1581087966642864
dapania racemosa,0.042085661891913685
daphniphyllum laurinum,0.2039198253150054
davallia angustata,0.3482252490554526
davallia denticulata,0.5610103950106787
davallia heterophylla,0.7315832613681236
davallia parvula,0.892497985986524
davallia pectinata,0.17222291928512165
davallia repens,0.35958882888147325
davallia solida,0.2431443663956324
davallia triphylla,0.2872166598152475
decaspermum fruticosum,0.703708984041657
dehaasia incrassata,0.12985945600881413
dendrobium acerosum,0.3748609431795705
dendrobium aloifolium,0.2654471649738204
dendrobium bancanum,0.2553945949989682
dendrobium comatum,0.386857016993753
dendrobium crumenatum,0.3162175933285728
dendrobium indivisum,0.6888922703556759
dendrobium indragiriense,0.047120360753755634
dendrobium lamellatum,0.2076359491300832
dendrobium lobbii,0.12648703733142913
dendrobium microglaphys,0.34402123925555744
dendrobium pachyphyllum,0.09486527799857183
dendrobium pandaneti,0.2574999218375839
dendrobium pensile,0.44710318836353025
dendrobium planibulbe,0.29332926441728063
dendrobium plicatile,0.47622074081975196
dendrobium prostratum,0.3470901302836496
dendrobium stuposum,0.34402123925555744
dendrobium subulatum,0.7849195149991441
dendrobium villosulum,0.999999
dendrolobium umbellatum,0.9848385626250715
dendrophthoe pentandra,0.999999
dendrotrophe buxifolia,0.4794932737110339
dendrotrophe varians,0.41108287132714466
deplanchea bancana,0.12648703733142913
derris maingayana,0.4711914036163563
derris scandens,0.29754131964245484
derris trifoliata,0.999999
desmos dasymaschalus,0.8110435221618236
desmos dumosus,0.3235431846211386
dialium indum,0.17974621367841034
dialium platysepalum,0.4634534412353278
dianella ensifolia,0.4344876011581198
dichapetalum sordidum,0.14482920038603994
dicranopteris curranii,0.09697920548036862
dicranopteris linearis,0.4680775019289463
didymocarpus platypus,0.3365564706286186
didymoplexis pallens,0.06324351866571457
dienia ophrydis,0.22135231533000096
digitaria bicornis,0.12985945600881413
digitaria fuscescens,0.22725404801542473
digitaria longiflora,0.0607860915989081
digitaria mollicoma,0.25971891201762826
dillenia excelsa,0.45450809603084946
dillenia grandifolia,0.34790330839264155
dillenia indica,0.10164466042627737
dillenia pulchella,0.19478918401322118
dillenia suffruticosa,0.9170310206528611
dimeria ornithopoda,0.18973055599714367
dioscorea glabra,0.08246863052953099
dioscorea hispida,0.38783514160394905
dioscorea laurifolia,0.6492972800440706
dioscorea orbiculata var. tenuifolia,0.14957985699468135
dioscorea polyclados,0.25971891201762826
dioscorea prainiana,0.25553606637834353
dioscorea pyrifolia,0.5793168015441598
diospyros argentea,0.15298021392209937
diospyros buxifolia,0.3726970882296837
diospyros confusa,0.12018915465239115
diospyros coriacea,0.07189848547136414
diospyros diepenhorstii,0.19478918401322118
diospyros lanceifolia,0.8734427726916231
diospyros maingayi,0.264815047846528
diospyros oblonga,0.7273004646557174
diospyros styraciformis,0.38284301543828947
diospyros sumatrana,0.3134032474138593
diospyros venosa,0.198611285884896
diplazium cordifolium,0.028965840077207986
diplazium crenato-serratum,0.35408186791003654
diplazium esculentum,0.21822573244157
diplazium kunstleri,0.11184509785748868
diplazium malaccense,0.20859121243331513
diplazium prescottianum,0.17379504046324792
diplazium sorzogonense,0.999999
diplazium tomentosum,0.2955907972120283
diplectria divaricata,0.03246486400220353
diplectria viminalis,0.28459583399571553
diplospora malaccensis,0.4526935795977967
dipodium paludosum,0.18817572423651738
dipteris conjugata,0.23761250908166787
dipterocarpus caudatus subsp. penangianus,0.39544167009250275
dipterocarpus chartaceus,0.5833270567135241
dipterocarpus cornutus,0.14482920038603994
dipterocarpus elongatus,0.34618187469289646
dipterocarpus grandiflorus,0.1898129603041166
dipterocarpus kerrii,0.2856865659312823
dipterocarpus kunstleri,0.4945455352755664
dipterocarpus sublamellatus,0.29218377601983175
dipterocarpus tempehes,0.4530389843684409
dischidia albiflora,0.15007941220027565
dischidia bengalensis,0.15606903672359532
dischidia cochleata,0.44000837830947603
dischidia hirsuta,0.1581087966642864
dischidia major,0.6372484816985757
dischidia nummularia,0.7294330991868971
dissochaeta annulata,0.1581087966642864
dissochaeta celebica,0.3075761015572683
dissochaeta gracilis,0.3134032474138593
dissochaeta pallida,0.35711350402423886
dissochaeta punctulata,0.2764639729343381
dolichandrone spathacea,0.6289357386355039
donax canniformis,0.15106259508466627
dracaena brachystachys,0.037590030183039906
dracaena cantleyi,0.4344876011581198
dracaena elliptica,0.13552621390170316
dracaena granulata,0.0893962338999922
dracaena maingayi,0.4283445989818782
dracaena porteri,0.3873836802332995
dracaena singapurensis,0.10164466042627737
dracaena umbratica,0.19478918401322118
drynaria quercifolia,0.34759008092649585
drynaria sparsisora,0.13552621390170316
drypetes crassipes,0.03594924273568207
drypetes pendula,0.2516446991497745
durio griffithii,0.09290047443119012
durio singaporensis,0.24044112138106957
dyera costulata,0.39069824231602646
dysoxylum acutangulum,0.03388155347542579
dysoxylum alliaceum,0.19478918401322118
dysoxylum cauliflorum,0.7954971123949167
dysoxylum cyrtobotryum,0.10446774913795309
dysoxylum densiflorum,0.036831661504097744
dysoxylum excelsum,0.18973055599714367
dysoxylum flavescens,0.12985945600881413
dysoxylum grande,0.05250788427122044
elaeocarpus acmosepalus,0.4470067790924055
elaeocarpus ferrugineus,0.6662143603707008
elaeocarpus floribundus,0.2606925606948719
elaeocarpus griffithii,0.37655592100370383
elaeocarpus mastersii,0.999999
elaeocarpus nitidus,0.55190268803746
elaeocarpus obtusus subsp. apiculatus,0.38304841350582797
elaeocarpus palembanicus,0.15196522899727025
elaeocarpus pedunculatus,0.6662143217757837
elaeocarpus petiolatus,0.999999
elaeocarpus polystachyus,0.7241460019301996
elaeocarpus salicifolius,0.4188235995851078
elaeocarpus stipularis,0.7478992849734067
eleiodoxa conferta,0.23171316686571197
eleocharis dulcis,0.26731407271687635
elettariopsis curtisii,0.22725404801542473
ellipanthus tomentosus,0.38304841350582797
ellipeia cuneifolia,0.034822583045984366
embelia canescens,0.5375699086585738
embelia lampanii,0.34783935266143007
embelia ribes,0.8776453161167743
endiandra maingayi,0.04238625301596963
endocomia canarioides,0.07189848547136414
endospermum diadenum,0.3482258304598436
enkleia malaccensis,0.4657910943812504
entada rheedii,0.06492972800440706
entada spiralis,0.8510052823847133
epipremnum giganteum,0.31862424084928787
epipremnum pinnatum,0.11586336030883194
eragrostis atrovirens,0.3874553755146069
eragrostis cumingii,0.18973055599714367
eragrostis montana,0.06324351866571457
eragrostis unioloides,0.5265871896700646
eria nutans,0.2689964052636367
eria robusta,0.34402123925555744
eriachne pallescens,0.337900411364191
eriocaulon truncatum,0.25971891201762826
eriocaulon wildenovianum,0.41043918494745424
erycibe festiva,0.061192085568839746
erycibe leucoxyloides,0.37946111199428734
erycibe maingayi,0.4170362615091272
erycibe malaccensis,0.21595803917525222
erycibe tomentosa,0.999999
erythropalum scandens,0.5843675520396635
erythroxylum cuneatum,0.5691916679914311
etlingera maingayi,0.132407523923264
etlingera punicea,0.033101880980816
eulophia spectabilis,0.3162175933285728
euonymus javanicus,0.07189848547136414
euphorbia atoto,0.3134032474138593
eurya acuminata,0.7211349279143469
eurycoma longifolia,0.6372484816985757
evolvulus alsinoides,0.03246486400220353
excoecaria agallocha,0.7466918720506812
fagraea auriculata,0.4055217610809118
fagraea fragrans,0.870564576149609
fagraea ridleyi,0.586677837745968
fagraea splendens,0.2027608805404559
fernandoa adenophylla,0.03005371094738665
fibraurea tinctoria,0.9802745393185757
ficus annulata,0.17350725714672813
ficus apiocarpa,0.4404601951805353
ficus aurata,0.9117913739836214
ficus binnendijkii,0.198611285884896
ficus botryocarpa,0.27187645765989715
ficus bracteata,0.24556080359151888
ficus caulocarpa,0.3366852951353095
ficus chartacea,0.7294330991868971
ficus consociata,0.7702251799284429
ficus crassiramea,0.18430931528955874
ficus delosyce,0.13519898109019773
ficus deltoidea,0.27536438505977884
ficus dubia,0.6685879767865721
ficus fistulosa,0.6168324160418671
ficus glandulifera,0.33101880980815995
ficus globosa,0.7589222239885747
ficus grossularioides,0.7902191907858053
ficus heteropleura,0.5375699086585738
ficus kerkhovenii,0.35711350402423886
ficus laevis,0.12238417113767949
ficus lamponga,0.17076361261855064
ficus microcarpa,0.9148019438364964
ficus microsyce,0.5059481493257165
ficus obscura var. borneensis,0.4283445989818782
ficus pallescens,0.5222886152362486
ficus pellucidopunctata,0.04506632703006591
ficus pisocarpa,0.03162175933285728
ficus punctata,0.5234676235725796
ficus recurva var. ribesioides,0.34759008092649585
ficus retusa,0.02952686289529888
ficus sagittata,0.5201327273351378
ficus scortechinii,0.1741129152299218
ficus sinuata,0.3826509782406854
ficus subgelderi,0.19478918401322118
ficus sumatrana,0.5361244081870741
ficus sundaica,0.17709257655586738
ficus superba,0.7079275516136151
ficus trichocarpa,0.29459963324339583
ficus variegata,0.16232432001101765
ficus vasculosa,0.5049265817985442
ficus villosa,0.4673401555638669
ficus virens,0.1581087966642864
ficus xylophylla,0.11586336030883194
fimbristylis complanata,0.12648703733142913
fimbristylis cymosa,0.38957836802644236
fimbristylis dura,0.06776310695085158
fimbristylis ferruginea,0.44270463066000193
fimbristylis leptoclada,0.16232432001101765
fimbristylis pauciflora,0.29131400221875037
finlaysonia obovata,0.45555110472987986
fissistigma fulgens,0.4055217610809118
fissistigma lanuginosum,0.2896584007720799
fissistigma latifolium var. ovoideum,0.5059481493257165
fissistigma manubriatum,0.34759008092649585
flacourtia rukam,0.8765513280594953
flagellaria indica,0.5470748243901729
floscopa scandens,0.030718219214926457
freycinetia angustifolia,0.3162175933285728
freycinetia javanica,0.19478918401322118
freycinetia sumatrana,0.15036012073215962
friesodielsia biglandulosa,0.3285463710578702
friesodielsia borneensis,0.2516446991497745
friesodielsia excisa,0.07189848547136414
friesodielsia glauca,0.29459963324339583
friesodielsia latifolia,0.38957836802644236
gaertnera grisea,0.31862424084928787
gaertnera obesa,0.49241928131253576
gaertnera viminea,0.08689752023162396
gahnia tristis,0.3323377091862658
galearia fulva,0.9573110847659607
galearia maingayi,0.1287291054744998
galeola nudifolia,0.17379504046324792
garcinia atroviridis,0.20924594064734864
garcinia bancana,0.5253761579971263
garcinia forbesii,0.64374951603309
garcinia griffithii,0.7466918720506812
garcinia hombroniana,0.4682659381869946
garcinia maingayi,0.08854628827793369
garcinia nervosa,0.2516446991497745
garcinia nigrolineata,0.45450809603084946
garcinia parvifolia,0.8110435221618236
garcinia rostrata,0.7142270080484777
garcinia scortechinii,0.47434174865596107
gardenia griffithii,0.6206659777985831
gardenia subcarinata,0.3162175933285728
gardenia tubifera,0.41580797930607355
gastrodia javanica,0.18973055599714367
genianthus maingayi,0.7130092020739842
geophila repens,0.3536790537961631
gironniera nervosa,0.5983194279787254
gironniera parvifolia,0.7792757299347932
gironniera subaequalis,0.4065786417051095
gleichenia truncata,0.15989193448670327
globba leucantha,0.6640569459900029
globba pendula,0.11586336030883194
glochidion borneense,0.2991597139893627
glochidion littorale,0.3162175933285728
glochidion lutescens,0.6731129412572372
glochidion obscurum,0.07592518412164664
glochidion rubrum,0.4914915074388233
glochidion sericeum,0.20766976300495255
glochidion singaporense,0.35711350402423886
glochidion superbum,0.7778152563723431
glochidion zeylanicum var. arborescens,0.5085715137819167
gluta wallichii,0.707425033581717
glycosmis chlorosperma,0.5691916679914311
gmelina asiatica,0.11768088649347694
gmelina elliptica,0.2681887016999766
gmelina philippensis,0.19703591299772386
gnetum gnemon,0.6518068836215121
gnetum gnemonoides,0.27681849140154147
gnetum latifolium var. funiculare,0.19478918401322118
gnetum macrostachyum,0.4283445989818782
gnetum microcarpum,0.5553206721649343
gomphandra quadrifida var. ovalifolia,0.9170310206528611
goniophlebium percussum,0.23717087432798054
goniothalamus macrophyllus,0.297916928827344
goniothalamus malayanus,0.22725404801542473
goniothalamus ridleyi,0.3388155347542579
goniothalamus tapis,0.28759394188545656
gonocaryum gracile,0.4065786417051095
gonystylus confusus,0.5751878837709131
gonystylus maingayi,0.28046014170907135
gordonia multinervis,0.17827475579689886
gordonia penangensis,0.20328932085255474
gordonia singaporeana,0.37655592100370383
grenacheria amentacea,0.6138604052725908
grewia laevigata,0.6646754183725316
guettarda speciosa,0.4634534412353278
guioa pleuropteris,0.7067871054245345
guioa pubescens,0.9484773263170161
gymnacranthera bancana,0.2606925606948719
gymnacranthera farquhariana,0.5213851213897438
gymnacranthera forbesii,0.7189848547136414
gymnanthera oblonga,0.6291596215305888
gynochthodes coriacea,0.22350338954620275
gynochthodes sublanceolata,0.999999
gynotroches axillaris,0.999999
gynura procumbens,0.19478918401322118
hancea penangensis,0.20893549827590618
hedyotis auricularia,0.12985945600881413
hedyotis capitellata,0.08854628827793369
hedyotis pinifolia,0.4685438805070427
helicia excelsa,0.19235289710485565
heritiera borneensis,0.1304637406472406
heritiera elata,0.2156954564140924
heritiera littoralis,0.8601101380179408
heritiera simplicifolia,0.2516446991497745
hetaeria nitida,0.999999
hetaeria obliqua,0.16232432001101765
heterogonium sagenioides,0.14379697094272828
heteropogon contortus,0.1287291054744998
hiptage sericea,0.6698969117120018
histiopteris incisa,0.0724229870690569
homalium grandiflorum,0.3594924273568207
homalomena deltoidea,0.03162175933285728
homalomena griffithii,0.3075761015572683
homalomena humilis var. pumila,0.45112192576873916
homalomena rostrata,0.293338918872984
hopea ferruginea,0.4530389843684409
hopea griffithii,0.39139122194172177
hopea mengarawan,0.41787099655181237
hopea sangal,0.17974621367841034
hornstedtia conica,0.25982122048308626
hornstedtia leonurus,0.25297407466285826
hornstedtia scyphifera,0.3246486400220353
horsfieldia brachiata,0.10446774913795309
horsfieldia crassifolia,0.7241460019301996
horsfieldia grandis,0.11966388559574509
horsfieldia irya,0.3314849535368797
horsfieldia polyspherula,0.737237261158235
horsfieldia punctatifolia,0.24044112138106957
horsfieldia sucosa,0.5082233021313869
horsfieldia superba,0.26313021128127934
horsfieldia wallichii,0.20328932085255474
hoya coronaria,0.1581087966642864
hoya diversifolia,0.4743263899928592
hoya lacunosa,0.2321282734383327
hoya latifolia,0.4283445989818782
hoya obtusifolia,0.07189848547136414
hoya scortechinii,0.23616538453721853
hoya verticillata,0.9170310206528611
hoya wallichii,0.3444458385702433
huperzia carinata,0.14667552464284617
huperzia phlegmaria,0.22135231533000096
huperzia squarrosa,0.3716131853735123
hydnophytum formicarum,0.3162175933285728
hydrocotyle sibthorpioides,0.12648703733142913
hydrostemma kunstleri,0.13552621390170316
hylophila mollis,0.2606925606948719
hymenachne amplexicaulis,0.15609427451521998
hymenophyllum acanthoides,0.999999
hymenophyllum denticulatum,0.5069857416534108
hymenophyllum polyanthos,0.8138740223478139
hymenophyllum serrulatum,0.18817572423651738
hypolytrum nemorum var. proliferum,0.6178246540907539
hypserpa nitida,0.28759394188545656
iguanura geonomiformis,0.25297407466285826
ilex cymosa,0.7986736995880879
ilex latifolia,0.4220432320286459
imperata conferta,0.14627421935279572
indigofera zollingeriana,0.1393507116467852
indorouchera griffithiana,0.8433645046447116
intsia bijuga,0.7531118420074077
intsia palembanica,0.17709257655586738
iodes ovalis,0.5223387456897655
iodes velutina,0.066203761961632
ipomoea littoralis,0.07846722170389034
ipomoea marginata,0.1078477282070462
ipomoea mauritiana,0.15298021392209937
ipomoea obscura,0.14426467282864175
ipomoea pes-caprae,0.5843675520396635
ipomoea pes-tigridis,0.5894650896602719
ipomoea violacea,0.1405631641521128
irvingia malayana,0.3388155347542579
isachne kunthiana,0.25297407466285826
isachne minutula,0.23171316686571197
ischaemum magnum,0.47398472610981096
ischaemum muticum,0.4634534412353278
ixonanthes icosandra,0.5166817785907188
ixonanthes reticulata,0.5793168015441598
ixora congesta,0.4634534412353278
ixora grandifolia,0.08689752023162396
ixora lobbii,0.18848144301502254
ixora pendula,0.4078396031062505
ixora umbellata,0.09370877610140854
jackiopsis ornata,0.08689752023162396
jasminum elongatum,0.7362365681505567
justicia vasculosa,0.28459583399571553
kadsura scandens,0.2156954564140924
kandelia candel,0.24443547688941736
kibara coriacea,0.25982122048308626
kibatalia maingayi,0.2529326526364762
kleinhovia hospita,0.05793168015441597
knema communis,0.503289398299549
knema conferta,0.4711914036163563
knema curtisii,0.16550940490407998
knema furfuracea,0.19235289710485565
knema glaucescens,0.24244801370092153
knema globularia,0.4055217610809118
knema hookeriana,0.4188235995851078
knema intermedia,0.5843675520396635
knema latericia,0.8376471991702156
knema laurina,0.4914915074388233
knema malayana,0.5759864090822384
knema rubens,0.12354801969030924
koilodepas longifolium,0.5759864090822384
kokoona reflexa,0.18026530812026365
koompassia malaccensis,0.47434174865596107
kopsia singapurensis,0.7905439833214319
korthalsia echinometra,0.28459583399571553
korthalsia laciniosa,0.28482377066993897
korthalsia rigida,0.3235431846211386
korthalsia rostrata,0.23717087432798054
korthalsia scortechinii,0.18900114121166697
kunstleria ridleyi,0.3594924273568207
labisia pumila,0.6082826416213677
lasia spinosa,0.08689752023162396
lasianthus appressus,0.08854628827793369
lasianthus attenuatus,0.5160979722013332
lasianthus constrictus,0.21099438508482452
lasianthus cyanocarpus,0.4682828235456599
lasianthus ellipticus,0.11623661265438208
lasianthus maingayi,0.07157797411503401
lasianthus ridleyi,0.29465329203278195
lasianthus stipularis,0.45427237205928916
lasianthus tomentosus,0.18973055599714367
lecanopteris crustacea,0.03594924273568207
lecanopteris sinuosa,0.17739532213531334
lecanorchis malaccensis,0.15026855473693324
leea aequata,0.06324351866571457
leea angulata,0.26313021128127934
leea indica,0.6042503803386651
leea rubra,0.1741129152299218
lemna tenera,0.07518006036607981
lepionurus sylvestris,0.30596042784419875
lepironia articulata,0.06324351866571457
lepisanthes fruticosa,0.04506632703006591
lepisanthes rubiginosa,0.2735374121950864
lepisanthes senegalensis,0.11184509785748868
lepisorus longifolius,0.3854240318045594
lepturus repens,0.20818900931642562
leuconotis griffithii,0.5889892545204454
licania splendens,0.6776310695085158
licuala ferruginea,0.291724347431717
licuala spinosa,0.39510959539290263
lijndenia laurina,0.18555552212926704
limacia scandens,0.6372484816985757
lindera lucida,0.7905439833214319
lindernia anagallis,0.12985945600881413
lindsaea borneensis,0.16599298887076433
lindsaea cultrata,0.028965840077207986
lindsaea divergens,0.06776310695085158
lindsaea ensifolia,0.4147366353460846
lindsaea parallelogramma,0.40689711563693765
lindsaea parasitica,0.20322288230704105
lindsaea walkerae,0.13345748781558697
linostoma pauciflorum,0.43911987739886477
liparis elegans,0.999999
liparis ferruginea,0.12648703733142913
lipocarpha chinensis,0.14721374435914605
lithocarpus bennettii,0.3388155347542579
lithocarpus cantleyanus,0.264815047846528
lithocarpus conocarpus,0.6282353993776617
lithocarpus elegans,0.3235431846211386
lithocarpus encleisocarpus,0.34783935266143007
lithocarpus ewyckii,0.45450809603084946
lithocarpus hystrix,0.23717087432798054
lithocarpus lucidus,0.37946111199428734
lithocarpus sundaicus,0.999999
lithocarpus wallichianus,0.12648703733142913
litsea accedens,0.9255344536082238
litsea castanea,0.26425040708029984
litsea cordata,0.0724229870690569
litsea costalis,0.1078477282070462
litsea elliptica,0.7792757299347932
litsea erectinervia,0.06964516609196873
litsea ferruginea,0.1078477282070462
litsea firma,0.7908833401850055
litsea gracilipes,0.25076951552569987
litsea grandis,0.7589222239885747
litsea lancifolia,0.2516446991497745
litsea machilifolia,0.43279401848592525
litsea myristicifolia,0.23291807271776616
litsea resinosa,0.3672613375618054
litsea umbellata,0.4682828235456599
lobelia zeylanica,0.12985945600881413
loeseneriella macrantha,0.16232432001101765
lomariopsis lineata,0.11388777618246997
lophatherum gracile,0.25971891201762826
lophopetalum multinervium,0.10446774913795309
lophopetalum wightianum,0.23717087432798054
lumnitzera littorea,0.999999
lumnitzera racemosa,0.6778601313418213
luvunga crassifolia,0.3482258304598436
lycopodiella cernua,0.5816306928584218
lygodium flexuosum,0.3039304579945405
lygodium longifolium,0.49241928131253576
lygodium microphyllum,0.6436065651523012
lygodium salicifolium,0.10501576854244088
macaranga bancana,0.5813248129039775
macaranga conifera,0.562731976673872
macaranga gigantea,0.25297407466285826
macaranga griffithiana,0.3039304579945405
macaranga heynei,0.6282353993776617
macaranga hullettii,0.09255344536082238
macaranga hypoleuca,0.35899165678723527
macaranga lowii,0.4065786417051095
macaranga recurvata,0.35711350402423886
macaranga trichocarpa,0.6990400533874431
machaerina rubiginosa,0.4729925750786619
maclurodendron porteri,0.3246486400220353
macrolenes echinulata,0.5822951817944154
macrosolen cochinchinensis,0.9573110847659607
macrosolen retusus,0.6282353993776617
madhuca decipiens,0.1078477282070462
madhuca kingiana,0.4673401555638669
madhuca malaccensis,0.198611285884896
maesa ramentacea,0.9918627812678378
magnolia elegans,0.20328932085255474
magnolia maingayi,0.1518503682432933
magnolia singapurensis,0.6008134273242883
magnolia villosa,0.4011182005430224
mallotus paniculatus,0.5850968774111829
mangifera caesia,0.2141722994909391
mangifera foetida,0.25971891201762826
mangifera griffithii,0.10446774913795309
mangifera magnifica,0.04506632703006591
mangifera odorata,0.19098138042063015
mangifera quadrifida,0.13212520354014992
mangifera subsessilifolia,0.125686084781379
mapania bancana,0.3967425634534883
mapania cuspidata,0.22135231533000096
mapania kurzii,0.19478918401322118
mapania palustris,0.22556096288436958
mapania squamata,0.07189848547136414
mapania wallichii,0.1642870750986694
maranthes corymbosa,0.39933684979404394
mastixia trichotoma var. maingayi,0.08834838817806681
matthaea sancta,0.49241928131253576
medinilla crassifolia,0.49797896661229296
meiogyne virgata,0.27536438505977884
melaleuca cajuputi,0.2472727676377832
melanochyla auriculata,0.10164466042627737
melanochyla caesia,0.09013265406013182
melastoma malabathricum,0.8168281728088076
melicope glabra,0.49361837525771934
melicope hookeri,0.23559570180817815
melicope latifolia,0.04110913216762288
melicope lunu-ankenda,0.6042503803386651
meliosma lanceolata,0.18973055599714367
meliosma pinnata,0.3162175933285728
meliosma simplicifolia,0.234536677112831
melodinus orientalis,0.09918609743367447
memecylon acuminatum,0.16940776737712895
memecylon amplexicaule,0.28459583399571553
memecylon caeruleum,0.2317267206176639
memecylon campanulatum,0.13212520354014992
memecylon cantleyi,0.30493398127883214
memecylon edule,0.5240656636149739
memecylon floridum,0.03594924273568207
memecylon fruticosum,0.3672613375618054
memecylon garcinioides,0.27858066436787493
memecylon lilacinum,0.5240656636149739
memecylon minutiflorum,0.11419253835224885
memecylon ovatum,0.260348654687148
memecylon paniculatum,0.24044112138106957
memecylon pseudomegacarpum,0.4404601951805353
memecylon pubescens,0.15036012073215962
merope angulata,0.38304841350582797
merremia hederacea,0.35711350402423886
mesophlebion chlamydophorum,0.38890762818617153
mesophlebion crassifolium,0.11277009054911973
mesophlebion motleyanum,0.07691381662147755
mesua elegans,0.14127886217422886
mezzettia parviflora,0.4791808301831705
micrechites serpyllifolius,0.39385739886536014
micrococca mercurialis,0.18795015091519954
microcos blattaefolia,0.2691983581751714
microcos globulifera,0.07189848547136414
microcos hirsuta,0.23717087432798054
microdesmis caseariifolia,0.4404601951805353
microlepia speluncae,0.2094117997925539
microsaccus javensis,0.33198597774152866
microsorum punctatum,0.3277861909666381
miliusa longipes,0.576580616188472
mischocarpus sundaicus,0.37655592100370383
mitrella kentii,0.5375699086585738
mnesithea glandulosa,0.24606088124581463
molineria capitulata,0.07301030467952671
molineria latifolia,0.34759008092649585
monocarpia marginalis,0.8123051340373548
monoon borneense,0.34783935266143007
morella esculenta,0.9269068824706556
morinda citrifolia,0.3323377091862658
morinda ridleyi,0.2156954564140924
morinda rigida,0.23717087432798054
morinda umbellata,0.7021162528934195
mussaenda glabra,0.3780599503579742
mussaendopsis beccariana,0.17709257655586738
mycaranthes obliqua,0.32485599701967505
mycaranthes pannea,0.23638423941403097
myrialepis paradoxa,0.37021378144328954
myristica cinnamomea,0.43032445275060793
myristica crassa,0.14426467282864175
myristica elliptica,0.5793168015441598
myristica iners,0.1700671014403046
myristica lowiana,0.2516446991497745
myristica maingayi,0.16834264756765474
myristica maxima,0.23717087432798054
myrmecodia tuberosa,0.5265807804032896
nauclea officinalis,0.37946111199428734
nauclea subdita,0.3225740638836403
neesia malayana,0.20328932085255474
neesia synandra,0.29218377601983175
nenga pumila var. pachystachya,0.44270463066000193
neolitsea cassia,0.48697296003305296
neoscortechinia kingii,0.5196424409661725
neoscortechinia sumatrensis,0.5215079089411397
nepenthes ampullaria,0.9654098477284518
nepenthes gracilis,0.999999
nepenthes rafflesiana,0.6951801618529917
nephelaphyllum pulchrum,0.12715875904790888
nephelium cuspidatum,0.14957985699468135
nephelium lappaceum,0.6662143217757837
nephelium laurinum,0.23305122893143476
nephelium maingayi,0.29218377601983175
nephelium ramboutan-ake,0.12238417113767949
nephrolepis acutifolia,0.2317267206176639
nephrolepis falcata,0.029915971398936272
nephrolepis radicans,0.06776310695085158
neuropeltis racemosa,0.028965840077207986
neuwiedia griffithii,0.099305642942448
neuwiedia veratrifolia,0.03594924273568207
norrisia maior,0.21743956774540096
nothaphoebe umbelliflora,0.35711350402423886
nothocissus spicifera,0.4220432320286459
nymphoides indica,0.19478918401322118
nypa fruticans,0.10164466042627737
oberonia ciliolata,0.8444569553825395
oberonia dissitiflora,0.3423557293872423
ochanostachys amentacea,0.529630095693056
ochrosia oppositifolia,0.028965840077207986
ochthocharis javanica,0.7302066255003372
oldenlandia affinis,0.45993654233750025
oldenlandia prostrata,0.2908153464292109
olea brachiata,0.40956781418782806
oncosperma horridum,0.22725404801542473
oncosperma tigillarium,0.28459583399571553
ophioglossum nudicaule,0.06324351866571457
ophioglossum pendulum,0.11496948359826194
ophioglossum reticulatum,0.06776310695085158
ophiorrhiza singaporensis,0.42297526623706555
orania sylvicola,0.033101880980816
ormocarpum cochinchinense,0.11157799486592057
ormosia bancana,0.44270463066000193
ormosia macrodisca,0.03246486400220353
ormosia sumatrana,0.3009562901358446
osmelia philippina,0.55190268803746
ottochloa nodosa,0.25297407466285826
oxyceros drupaceus,0.03594924273568207
oxyceros fragrantissimus,0.48751616264378106
oxyceros longiflorus,0.6289357386355039
oxystophyllum carnosum,0.7238107210456484
oxystophyllum excavatum,0.48728399552951257
pachycentria constricta,0.06466868371183238
pachycentria maingayi,0.14724731363011134
paederia foetida,0.4578280050939537
palaquium gutta,0.7028878536189264
palaquium hexandrum,0.21903091403858013
palaquium impressionervium,0.260779702964233
palaquium microphyllum,0.49351369679070317
palaquium obovatum,0.999999
palaquium oxleyanum,0.14724731363011134
palaquium rostratum,0.45450809603084946
palaquium xanthochymum,0.13552621390170316
pandanus houlletii,0.20328932085255474
pandanus odorifer,0.4220432320286459
pandanus rostratus,0.21267499933646647
pandanus singaporensis,0.11779848828571052
pandanus yvanii,0.1581087966642864
panicum luzonense,0.03594924273568207
panicum repens,0.12985945600881413
panicum sarmentosum,0.1172683385564155
paracroton pendulus,0.17949582839361763
paraderris elliptica,0.539238641035231
paraderris montana,0.03594924273568207
parameria polyneura,0.18357625670651923
paramignya scandens,0.22660244691886455
paranephelium macrophyllum,0.2529326526364762
parartocarpus bracteatus,0.16940776737712895
parastemon urophyllus,0.5571613287357499
parinari costata,0.11468582366689486
parinari oblongifolia,0.17974621367841034
parishia insignis,0.27858066436787493
parishia maingayi,0.22777555236493993
parishia paucijuga,0.2132845404984745
parkia speciosa,0.41108287132714466
parsonsia alboflavescens,0.2317267206176639
paspalum longifolium,0.20209829723735584
paspalum vaginatum,0.38957836802644236
pavetta wallichiana,0.397222571769792
payena lucida,0.7343050268260769
payena obscura,0.10164466042627737
peliosanthes teta,0.4473803914299547
pellacalyx axillaris,0.658151370776598
pellacalyx saccardianus,0.6956787053228601
peltophorum pterocarpum,0.55190268803746
pemphis acidula,0.7241460019301996
pentace triptera,0.28759394188545656
pentaphragma ellipticum var. ellipticum,0.6956787053228601
peristylus lacertifer,0.18973055599714367
perotis indica,0.09739459200661059
persea declinata,0.999999
pertusadina eurhyncha,0.22020867256691654
phaeanthus ophthalmicus,0.8765513280594953
phaeanthus splendens,0.25982122048308626
phoebe grandis,0.06964516609196873
pholidocarpus kingianus,0.12985945600881413
phreatia plantaginifolia,0.9589865474220678
phrynium parvum,0.22845675630870493
phyllanthus emblica,0.14836366058266992
phymatosorus nigrescens,0.23621490316239105
phymatosorus scolopendria,0.6208836274735967
phytocrene bracteata,0.5059481493257165
pimelodendron griffithianum,0.46959993470101424
pinalia bractescens,0.17010024427742848
pinalia floribunda,0.09486527799857183
pinalia tenuiflora,0.44710318836353025
pinanga disticha,0.042085661891913685
pinanga limosa,0.5886896362493581
pinanga malaiana,0.1581087966642864
pinanga simplicifrons,0.042085661891913685
piper caninum,0.5213851213897438
piper flavimarginatum,0.17379504046324792
piper macropiper,0.3075761015572683
piper muricatum,0.09890910705511327
piper pedicellosum,0.17379504046324792
piper porphyrophyllum,0.1393507116467852
piper ramipilum,0.0771953050706377
piper ribesioides,0.04848960274018431
piper sarmentosum,0.42550264119235665
pittosporum ferrugineum,0.5375699086585738
plagiostachys lateralis,0.09739459200661059
planchonella linggensis,0.5592254892874434
planchonia grandis,0.03594924273568207
platea latifolia,0.04506632703006591
platycerium coronarium,0.34759008092649585
platycerium ridleyi,0.9279897141812805
plectocomia elongata,0.34783935266143007
pleocnemia conjugata,0.0816247331232235
pleocnemia irregularis,0.2952686289529888
pleocnemia olivacea,0.999999
plethiandra sessiliflora,0.7143311112296279
plocoglottis gigantea,0.16940776737712895
plocoglottis javanica,0.28459583399571553
plocoglottis lowii,0.1581087966642864
ploiarium alternifolium,0.5793168015441598
pluchea indica,0.6156587774211814
podocarpus polystachyus,0.7241460019301996
podochilus microphyllus,0.24379037374910542
pogonanthera pulverulenta,0.36471654959344857
pogonatherum crinitum,0.15609427451521998
poikilospermum cordifolium,0.06435705014669228
poikilospermum suaveolens,0.4220432320286459
polyalthia angustissima,0.46342633373142395
polyalthia cauliflora,0.6324351866571456
polyalthia glauca,0.29459963324339583
polyalthia jenkinsii,0.13212520354014992
polyalthia lateriflora,0.34790330839264155
polyalthia rumphii,0.33936263298968206
polyalthia sclerophylla,0.10321959444026665
polyalthia sumatrana,0.3134032474138593
polystachya concreta,0.066203761961632
pomatocalpa diffusum,0.03162175933285728
pometia pinnata,0.55190268803746
pongamia pinnata,0.5843675520396635
popowia fusca,0.8627818256563696
popowia pisocarpa,0.2710524278034063
popowia tomentosa,0.19235289710485565
porterandia anisophylla,0.5793168015441598
portulaca pilosa,0.29326753115655096
pothos curtisii,0.132407523923264
pouteria maingayi,0.42079313827162496
pouteria malaccensis,0.2991597139893627
pouteria obovata,0.9273951133670244
premna divaricata,0.5041023943250268
premna serratifolia,0.9957577926268124
premna trichostoma,0.999999
prismatomeris glabra,0.1490022596974685
prismatomeris tetrandra subsp. malayana,0.1490022596974685
pronephrium menisciicarpon,0.47845168791098647
pronephrium repandum,0.17949582839361763
pronephrium triphyllum,0.520697309374296
prunus arborea,0.3726970882296837
prunus grisea,0.2636206229349128
prunus polystachya,0.999999
pseuderanthemum kingii,0.5041632989648004
pseudoclausena chrysogyne,0.07450112984873425
psilotum complanatum,0.08689752023162396
psilotum nudum,0.14602060935905342
psychotria griffithii,0.1490022596974685
psychotria helferiana,0.6951801618529917
psychotria maingayi,0.05889892545204454
psychotria malayana,0.15752365281366132
psychotria ovoidea,0.4634534412353278
psychotria penangensis,0.4405376326713767
psychotria rostrata,0.07639255216825205
psychotria sarmentosa,0.34759008092649585
pteleocarpa lamponga,0.033101880980816
pteridium aquilinum,0.2027608805404559
pteris multifida,0.07853232552380701
pteris semipinnata,0.14957985699468135
pteris tripartita,0.03796259206082332
pterisanthes eriopoda,0.03162175933285728
pterisanthes polita,0.28459583399571553
pternandra caerulescens,0.6990400533874431
pternandra echinata,0.7425390908802121
pternandra tuberculata,0.10446774913795309
pteroceras pallidum,0.44834898171924875
pterocymbium tubulatum,0.07189848547136414
pterospermum diversifolium,0.47233076907443705
pterospermum javanicum,0.28759394188545656
pterospermum lanceifolium,0.11789301793205437
pterospermum sumatranum,0.999999
ptychopyxis caput-medusae,0.17616693805353323
ptychopyxis costata var. oblanceolata,0.03594924273568207
pycreus polystachyos,0.167249651759091
pycreus pumilus,0.12648703733142913
pyramidanthe prismatica,0.4220432320286459
pyrenaria acuminata,0.4743263899928592
pyrrosia angustata,0.23932777119149018
pyrrosia lanceolata,0.4344876011581198
pyrrosia longifolia,0.446981169499961
pyrrosia piloselloides,0.33831027164735916
quercus argentata,0.09739459200661059
radermachera pinnata ssp. acuminata,0.29218377601983175
rapanea porteriana,0.44270463066000193
reissantia indica,0.38558607714468535
remirea maritima,0.413490332013439
renanthera elongata,0.05793168015441597
rhaphidophora korthalsii,0.2027608805404559
rhaphidophora lobbii,0.3069302026362954
rhaphidophora minor,0.12985945600881413
rhaphidophora montana,0.2193682399909606
rhizophora apiculata,0.8606489055012159
rhizophora lamarckii,0.9856146551586734
rhizophora mucronata,0.6082826416213677
rhizophora stylosa,0.8774729599638424
rhodamnia cinerea,0.49241928131253576
rhododendron longiflorum,0.11058573457932518
rhodomyrtus tomentosa,0.5265871896700646
rhopaloblaste singaporensis,0.34783935266143007
rhynchospora rugosa,0.06492972800440706
rinorea anguifera,0.23717087432798054
rinorea lanceolata,0.09739459200661059
robiquetia spathulata,0.034822583045984366
rothmannia macrophylla,0.583448694863434
rourea acutipetala,0.11277009054911973
rourea asplenifolia,0.36715251341303845
rourea fulgens,0.37655592100370383
rourea mimosoides,0.4634534412353278
rourea minor,0.34759008092649585
rubus moluccanus,0.42550264119235665
ryparosa hullettii,0.15298021392209937
ryparosa scortechinii,0.22369019571497736
salacca affinis,0.1859633247765343
salacia chinensis,0.3246486400220353
salacia exsculpta,0.06352607714843654
salacia grandiflora,0.33101880980815995
salacia korthalsiana,0.15298021392209937
salacia macrophylla,0.4487395709840441
salacia maingayi,0.4061525670186774
salacia viminea,0.09117913739836214
sandoricum beccarianum,0.1903806302572541
sandoricum koetjape,0.6731129412572372
santiria apiculata,0.6830356119779593
santiria conferta,0.21454850912416634
santiria griffithii,0.2156954564140924
santiria laevigata,0.4673401555638669
santiria rubiginosa,0.3388155347542579
santiria tomentosa,0.20328932085255474
saprosma glomerulatum,0.298004519394937
sarcolobus globosus,0.6150626441010005
sarcosperma paniculatum,0.029501456318557974
sarcotheca laxa var. sericea,0.10164466042627737
saurauia pentapetala,0.037590030183039906
sauropus androgynus,0.20486634795681014
sauropus bacciformis,0.17438490986711092
scaevola taccada,0.6731129412572372
scaphium affine,0.049454553527556636
scaphium linearicarpum,0.2156954564140924
scaphium macropodum,0.4673401555638669
schefflera cephalotes,0.17380652857705545
schefflera elliptica,0.2027608805404559
schefflera hullettii,0.24606088124581463
schefflera lanceolata,0.507900183156065
schefflera ridleyi,0.835139841707092
schismatoglottis calyptrata,0.12648703733142913
schismatoglottis wallichii,0.25297407466285826
schizachyrium sanguineum,0.5334913409953097
schizaea dichotoma,0.4634534412353278
schizaea digitata,0.34759008092649585
schizostachyum gracile,0.05793168015441597
schizostachyum latifolium,0.10164466042627737
schoenorchis micrantha,0.2682253073063306
schoenorchis secundiflora,0.2594383716597722
schradera membranacea,0.25971891201762826
scindapsus hederaceus,0.20328932085255474
scindapsus pictus,0.16550940490407998
scirpodendron ghaeri,0.19453217301774944
scleria ciliaris,0.2719126711523993
scleria corymbosa,0.28845290574670285
scleria purpurascens,0.17503460845903018
scleria sumatrensis,0.26339959023018444
scleria terrestris,0.1581087966642864
scleropyrum pentandrum,0.4283445989818782
scolopia macrophylla,0.16232432001101765
scorodocarpus borneensis,0.44270463066000193
scrotochloa urceolata,0.156253399274945
scurrula ferruginea,0.5983194279787254
scurrula parasitica,0.08450751794155856
scyphiphora hydrophylacea,0.7241460019301996
securidaca philippinensis,0.999999
selaginella ciliaris,0.11277009054911973
selaginella intermedia,0.5049265817985442
selaginella mayeri,0.10446774913795309
selaginella roxburghii,0.34897841571505306
selaginella willdenowii,0.3219328325035588
selliguea lateritia,0.701323214503616
serianthes grandiflora,0.32515166050916544
sesuvium portulacastrum,0.45894064176629806
setaria parviflora,0.22135231533000096
shirakiopsis indica,0.1781244145436929
shorea bracteolata,0.31218854903043997
shorea curtisii,0.7212892491556431
shorea gibbosa,0.2516446991497745
shorea gratissima,0.2606925606948719
shorea leprosula,0.3473788728178696
shorea macroptera,0.8009194100576403
shorea ovalis,0.2156954564140924
shorea parvifolia,0.3594924273568207
shorea pauciflora,0.329075685388299
shorea platycarpa,0.18026530812026365
sida cordifolia,0.35711350402423886
sindora coriacea,0.26563886483380106
sindora wallichii,0.2317267206176639
smilax calophylla,0.5375699086585738
smilax leucophylla,0.20893549827590618
smilax megacarpa,0.3726970882296837
smilax myosotiflora,0.34783935266143007
smilax setosa,0.6951801618529917
smythea lanceata,0.4065786417051095
soejatmia ridleyi,0.18973055599714367
sonerila heterostemon,0.30596042784419875
sonerila moluccana,0.19478918401322118
sonneratia alba,0.789654032665116
sonneratia caseolaris,0.22315598973184114
sonneratia ovata,0.8221657426542893
sophora tomentosa,0.3726328755050003
spathoglottis plicata,0.34783935266143007
spatholobus ferrugineus,0.45894064176629806
spatholobus maingayi,0.04137809593169811
spatholobus ridleyi,0.20328932085255474
sphaerocoryne affinis,0.1836306687809027
sphaerostephanos heterocarpus,0.5384874851808529
sphaerostephanos polycarpa,0.3267171999872933
sphenodesme pentandra,0.08181917603293909
sporobolus indicus,0.2710524278034063
stachyphrynium latifolium,0.34759008092649585
staurogyne griffithiana,0.6372985209725701
staurogyne kingiana,0.09290047443119012
staurogyne setigera,0.3162175933285728
stemonurus scorpioides,0.25971891201762826
stenochlaena palustris,0.6082826416213677
stephania capitata,0.41108287132714466
sterculia coccinea,0.7589222239885747
sterculia cordata,0.6701372718756818
sterculia macrophylla,0.22725404801542473
sterculia parviflora,0.17163880729933306
sterculia rubiginosa,0.5507287701195577
stereospermum tetragonum,0.43380931497509784
stichorkis gibbosa,0.999999
streblus elongatus,0.9917724612637594
strobilanthes palawanensis,0.1078477282070462
strombosia ceylanica,0.7067871054245345
strombosia javanica,0.2691983581751714
strophanthus caudatus,0.24574575371941165
strophanthus singaporianus,0.13563237187897922
strychnos axillaris,0.23932777119149018
strychnos ignatii,0.5470748243901729
strychnos maingayi,0.066203761961632
strychnos ridleyi,0.41792636722515314
styphelia malayana,0.05793168015441597
styrax benzoin,0.34783935266143007
suregada multiflora,0.29218377601983175
swintonia schwenckii,0.17616693805353323
symplocos adenophylla,0.6951801618529917
symplocos barringtoniifolia,0.12985945600881413
symplocos fasciculata,0.668647007587989
symplocos lucida,0.03388155347542579
symplocos odoratissima,0.06776310695085158
symplocos rubiginosa,0.4404601951805353
syngramma alismifolia,0.1078477282070462
syngramma wallichii,0.06151522031145366
syzygium acuminatissimum,0.6776310695085158
syzygium attenuatum,0.2134545157731883
syzygium borneense,0.7905439833214319
syzygium chloranthum,0.4487395709840441
syzygium cinereum,0.47642561372650033
syzygium claviflorum,0.4923217485817002
syzygium duthieanum,0.47434174865596107
syzygium filiforme,0.7531118420074077
syzygium glabratum,0.999999
syzygium glaucum,0.4026818562312558
syzygium grande,0.999999
syzygium griffithii,0.099305642942448
syzygium incarnatum,0.5503509614669517
syzygium lineatum,0.999999
syzygium linocieroideum,0.999999
syzygium maingayi,0.1581087966642864
syzygium muelleri,0.2606925606948719
syzygium myrtifolium,0.2896584007720799
syzygium nemestrinum,0.21258387680038077
syzygium ngadimanianum,0.13212520354014992
syzygium nigricans,0.17616693805353323
syzygium oblatum,0.08854628827793369
syzygium pachyphyllum,0.3134032474138593
syzygium palembanicum,0.9558727225478636
syzygium papillosum,0.12985945600881413
syzygium pauper,0.20035941042359115
syzygium pendens,0.2710524278034063
syzygium polyanthum,0.999999
syzygium pseudocrenulatum,0.03594924273568207
syzygium pseudoformosum,0.260348654687148
syzygium pustulatum,0.5085715137819167
syzygium pycnanthum,0.7343050268260769
syzygium pyrifolium,0.7531118420074077
syzygium ridleyi,0.5571613287357499
syzygium rugosum,0.2991597139893627
syzygium scortechinii,0.163249466246447
syzygium singaporense,0.49241928131253576
syzygium subdecussatum,0.4055217610809118
syzygium syzygioides,0.39774855619745836
syzygium zeylanicum,0.999999
tabernaemontana corymbosa,0.4065786417051095
tabernaemontana pauciflora,0.5059481493257165
tacca integrifolia,0.2317267206176639
tacca leontopetaloides,0.09370877610140854
taeniophyllum pusillum,0.1581087966642864
taenitis blechnoides,0.35105812644670975
taenitis interrupta,0.14482920038603994
talipariti tiliaceum,0.6662143217757837
tarenna costata,0.17395165419632078
tarenna fragrans,0.7273004646557174
tarenna mollis,0.13212520354014992
tarenna odorata,0.20521959247372712
taxillus chinensis,0.9856146551586734
tectaria angulata,0.999999
tectaria barberi,0.6152034864170619
tectaria grandidentata,0.03890071598381324
tectaria griffithii var. singaporeana,0.4386401482425604
tectaria semipinnata,0.1782093818112509
tectaria singaporiana,0.6082826416213677
tectaria vasta,0.0781266996374725
teijsmanniodendron coriaceum,0.23821712281971727
teijsmanniodendron pteropodum,0.03594924273568207
teratophyllum aculeatum,0.2137341644202524
teratophyllum ludens,0.17503460845903018
teratophyllum rotundifoliatum,0.09645200647796251
terminalia catappa,0.5201327273351378
terminalia citrina,0.04041965944747117
terminalia phellocarpa,0.30493398127883214
terminalia subspathulata,0.15706465104761402
ternstroemia coriacea,0.08689752023162396
ternstroemia palembangensis,0.4530389843684409
ternstroemia penangiana,0.18973055599714367
ternstroemia wallichiana,0.2553945949989682
tetracera akara,0.17949582839361763
tetracera arborescens,0.16232432001101765
tetracera fagifolia,0.3235431846211386
tetracera indica,0.8872852407481763
tetracera macrophylla,0.13929033218393747
tetracera maingayi,0.1413610822612669
tetracera scandens,0.24044112138106957
tetrastigma curtisii,0.07189848547136414
tetrastigma dichotomum,0.04051623837690583
tetrastigma lawsoni,0.132407523923264
tetrastigma rafflesiae,0.20893549827590618
thelasis micrantha,0.999999
thelypteris truncata,0.13300261218690726
themeda villosa,0.41895361593792996
thespesia populnea,0.7241460019301996
thottea grandiflora,0.6640569459900029
thottea praetermissa,0.0878609817023658
thrixspermum acuminatissimum,0.16599298887076433
thrixspermum amplexicaule,0.25297407466285826
thrixspermum calceolus,0.6226956583367056
thrixspermum trichoglottis,0.1581087966642864
thuarea involuta,0.16232432001101765
thunbergia laurifolia,0.12715875904790888
timonius finlaysonianus,0.2027608805404559
timonius flavescens,0.4344876011581198
timonius wallichianus,0.9421844197830754
tinomiscium petiolare,0.35711350402423886
tinospora macrocarpa,0.17709257655586738
tournefortia tetrandra,0.31517005124137043
toxocarpus griffithii,0.10446774913795309
trema cannabina,0.47677991413329174
trema tomentosa,0.5085715137819167
trevesia burckii,0.18795015091519954
triadica cochinchinensis,0.5223387456897655
trichomanes bimarginatum,0.901894384007718
trichomanes mindorense,0.1078477282070462
trichomanes motleyi,0.264815047846528
trichomanes sublimbatum,0.34783935266143007
trichosanthes celebica,0.2710524278034063
trichosanthes wallichiana,0.09739459200661059
trichosanthes wawraei,0.1767414888366454
trichotosia velutina,0.06324351866571457
trigonachras acuta,0.2606925606948719
trigonachras cultrata,0.3069302026362954
trigoniastrum hypoleucum,0.11277009054911973
trigonostemon heteranthus,0.3134032474138593
trigonostemon villosus,0.22369019571497736
triomma malaccensis,0.04404173451338331
tristaniopsis merguensis,0.2317267206176639
tristaniopsis obovata,0.07189848547136414
tristaniopsis whiteana,0.5570246081429736
tristellateia australasiae,0.6450826035134556
tropidia curculigoides,0.999999
turpinia sphaerocarpa,0.34783935266143007
tylophora flexuosa,0.46342633373142395
tylophora indica,0.2032023015367373
tylophora laevis,0.066203761961632
uncaria acida,0.23932777119149018
uncaria attenuata,0.6138604052725908
uncaria callophylla,0.0882606648701077
uncaria cordata var. ferruginea,0.6956787053228601
uncaria elliptica,0.07909859957781473
uncaria lanosa var. glabrata,0.146434969503943
uncaria longiflora var. pteropoda,0.2416091137387535
uncaria roxburghiana,0.999999
urceola brachysepala,0.32394408998624497
urceola elastica,0.10462297032367432
urceola lucida,0.999999
urceola torulosa,0.34759008092649585
urophyllum arboreum,0.4686588852176227
urophyllum blumeanum,0.34876981973422183
urophyllum griffithianum,0.2580489861006666
urophyllum hirsutum,0.6082826416213677
urophyllum streptopodium,0.35711350402423886
utania austromalayensis,0.09739459200661059
utania nervosa,0.22725404801542473
utania racemosa,0.13929033218393747
utania volubilis,0.36412069078897596
utricularia uliginosa,0.1542557422680373
uvaria clementis,0.2662164534376978
uvaria cordata,0.7273004646557174
uvaria grandiflora,0.34783935266143007
uvaria hirsuta,0.29420221623369236
uvaria javana,0.049454553527556636
uvaria leptopoda,0.2655614009325274
uvaria lobbiana,0.05793168015441597
uvaria pauci-ovulata,0.16493726105906198
vaccinium littoreum,0.9589865474220678
vaginularia trichoidea,0.23448529709430987
vanilla griffithii,0.4065786417051095
vatica maingayi,0.04404173451338331
vatica odorata,0.6138604052725908
vatica pauciflora,0.3388155347542579
vatica ridleyana,0.198611285884896
ventilago maingayi,0.6795584765526614
ventilago malaccensis,0.29218377601983175
vernonia arborea,0.5136128232878653
viburnum sambucinum,0.7235495290529201
vigna marina,0.35711350402423886
viscum articulatum,0.3039304579945405
viscum ovalifolium,0.5375699086585738
vitex negundo,0.3039304579945405
vitex pinnata,0.8216415510076719
vitex vestita,0.48340030427093206
vittaria elongata,0.5213851213897438
vittaria ensiformis,0.25553606637834353
vrydagzynea albida,0.526167679328843
vrydagzynea lancifolia,0.3162175933285728
vrydagzynea tristriata,0.1271822500447775
willughbeia angustifolia,0.28259329577413905
willughbeia coriacea,0.8110435221618236
willughbeia edulis,0.33942721918129015
willughbeia flavescens,0.14812022690931592
willughbeia tenuiflora,0.23717087432798054
wollastonia biflora,0.39510959539290263
wrightia laevis,0.1518503682432933
xanthophyllum amoenum,0.09056332396938442
xanthophyllum discolor,0.39544167009250275
xanthophyllum ellipticum,0.2710524278034063
xanthophyllum eurhynchum,0.6880183771560405
xanthophyllum flavescens,0.7905439833214319
xanthophyllum griffithii,0.18105746767264222
xanthophyllum kunstleri,0.12022661093474998
xanthophyllum obscurum,0.2356553184488605
xanthophyllum stipitatum,0.22020867256691654
xanthophyllum vitellinum,0.38890762818617153
xenostegia tridentata,0.45894064176629806
xerospermum noronhianum,0.44270463066000193
ximenia americana,0.7954971123949167
xylocarpus granatum,0.9872270561648969
xylocarpus moluccensis,0.14482920038603994
xylocarpus rumphii,0.451078647594798
xylopia caudata,0.11586336030883194
xylopia ferruginea,0.4344876011581198
xylopia fusca,0.3205044124063764
xylopia magna,0.24044112138106957
xylopia malayana,0.9718322699587348
xyris pauciflora,0.14798581132321703
zanthoxylum nitidum,0.03246486400220353
zeuxine clandestina,0.12018915465239115
zingiber griffithii,0.19478918401322118
zingiber puberulum var. chryseum,0.34783935266143007
ziziphus calophylla,0.5375699086585738
ziziphus elegans,0.17379504046324792
ziziphus horsfieldii,0.15359109607463228
zoysia matrella,0.18430931528955874
